Date,Mode,Category,Subcategory,Note,Amount,Income/Expense,Currency
2018-09-20 12:04:08,Cash,Transportation,Train,2 Place 5 to Place 0,30.0,Expense,INR
2018-09-20 12:03:15,Cash,Food,snacks,Idli medu Vada mix 2 plates,60.0,Expense,INR
,Saving Bank account 1,subscription,Netflix,1 month subscription,199.0,Expense,INR
2018-09-17 23:41:17,Saving Bank account 1,subscription,Mobile Service Provider,Data booster pack,19.0,Expense,INR
2018-09-16 17:15:08,Cash,Festivals,Ganesh Pujan,Ganesh idol,251.0,Expense,INR
2018-09-15 06:34:17,Credit Card,subscription,Tata Sky,Permanent Residence - Tata Play recharge,200.0,Expense,INR
2018-09-14 05:39:17,Cash,Transportation,auto,Place 2 station to Permanent Residence,50.0,Expense,INR
2018-09-13 21:35:15,Saving Bank account 1,Transportation,Train,2 Place 0 to Place 3,40.0,Expense,INR
2018-09-13 21:01:47,Credit Card,Other,Unknown,HBR 2 Months subscription,83.0,Expense,INR
2018-09-13 21:01:32,Cash,Food,Grocery,1kg atta,46.0,Expense,INR
,Saving Bank account 1,Small Cap fund 2,Unknown,No Description,5000.0,Transfer-Out,INR
,Saving Bank account 1,Small cap fund 1,Unknown,No Description,5000.0,Transfer-Out,INR
,Credit Card,subscription,Mobile Service Provider,Data booster pack,667.0,Expense,INR
,Saving Bank account 1,Food,Lunch,Home Food Delivery,650.0,Expense,INR
,Saving Bank account 1,Other,Unknown,From Family,3500.0,Income,INR
,Cash,Food,Milk,Half lit  milk,36.0,Expense,INR
,Cash,Family,Pocket money,No Description,40.0,Expense,INR
,Cash,Food,Milk,Half lit  milk,37.0,Expense,INR
,Saving Bank account 1,Equity Mutual Fund E,Unknown,No Description,1000.0,Transfer-Out,INR
,Cash,Food,snacks,Amul butter,55.0,Expense,INR
,Cash,Apparel,Laundry,11 clothes ironing,77.0,Expense,INR
,Cash,Food,snacks,Chinese Bhel,30.0,Expense,INR
,Cash,Food,snacks,Shev Puri,40.0,Expense,INR
,Cash,Food,snacks,2 kachori,24.0,Expense,INR
,Saving Bank account 1,Food,Milk,Half lit  milk,36.0,Expense,INR
,Saving Bank account 1,Food,breakfast,Bread,18.0,Expense,INR
,Cash,Family,Pocket money,No Description,2000.0,Expense,INR
,Saving Bank account 1,Public Provident Fund,Unknown,No Description,12500.0,Transfer-Out,INR
,Equity Mutual Fund B,Saving Bank account 1,Unknown,No Description,2000.0,Transfer-Out,INR
2018-08-31 15:12:20,Cash,Family,Pocket money,No Description,1000.0,Expense,INR
2018-08-31 15:12:20,Cash,Gift,Unknown,farewell contribution,118.0,Expense,INR
2018-08-31 10:01:15,Credit Card,Food,Dinner,Domino's Pizza,510.85,Expense,INR
2018-08-31 09:27:28,Saving Bank account 1,Salary,Unknown,From workplace ,70255.0,Income,INR
2018-08-31 09:26:17,Cash,Food,Milk,Half lit  milk,36.0,Expense,INR
2018-08-30 21:10:24,Cash,Food,Sweets,Warna Srikhand pav kg,78.0,Expense,INR
2018-08-30 21:09:51,Cash,Household,Kirana,Supermart,343.0,Expense,INR
2018-08-29 12:21:49,Cash,Food,Grocery,Baking soda,27.0,Expense,INR
2018-08-29 12:21:49,Cash,Food,Ice cream,chocobar,15.0,Expense,INR
2018-08-29 12:11:41,Cash,Food,Milk,Half lit  milk,36.0,Expense,INR
2018-08-28 21:04:56,Saving Bank account 1,Dividend earned on Shares,Unknown,Astral Stocks,6.75,Income,INR
2018-08-28 19:16:09,Saving Bank account 1,Dividend earned on Shares,Unknown,Reliance Stocks,18.0,Income,INR
2018-08-27 21:30:16,Cash,Food,curd,Dahi 2 packets,20.0,Expense,INR
2018-08-27 10:52:51,Cash,Food,breakfast,2 plates poha,60.0,Expense,INR
2018-08-27 10:52:30,Cash,Food,Biscuits,Khari packet,45.0,Expense,INR
2018-08-27 10:52:09,Cash,Food,Milk,Half lit  milk,36.0,Expense,INR
2018-08-26 21:04:46,Saving Bank account 1,Interest,Unknown,interest paid,30.0,Income,INR
2018-08-25 21:04:46,Cash,Apparel,Laundry,13 clothes ironing,91.0,Expense,INR
2018-08-24 22:13:43,Credit Card,Food,Dinner,Home Food Delivery,1120.0,Expense,INR
2018-08-24 22:12:17,Saving Bank account 1,Other,Unknown,From Family,1000.0,Income,INR
2018-08-24 20:20:37,Cash,Food,Rajgira ladu,No Description,20.0,Expense,INR
2018-08-24 20:17:09,Cash,Food,Milk,Half lit  milk,36.0,Expense,INR
2018-08-24 13:34:14,Cash,Festivals,Navratri,Ganpati+ navratri vargani,1000.0,Expense,INR
2018-08-23 21:29:52,Credit Card,Transportation,train,2 Place 2 to Place 3 : Sevagram express 3AC,1305.4,Expense,INR
2018-08-23 21:29:12,Credit Card,Transportation,train,2 Place 3 to Place 2 : Amritsar express 3AC,1205.4,Expense,INR
2018-08-23 19:55:33,Saving Bank account 1,Food,Lunch,Catering Service,60.0,Expense,INR
2018-08-22 22:31:36,Cash,Food,Milk,Half lit  milk,37.0,Expense,INR
,Saving Bank account 1,Life Insurance,Unknown,No Description,11043.0,Transfer-Out,INR
2018-08-21 16:15:46,Cash,Food,Tea,cutting chai,12.0,Expense,INR
2018-08-21 16:15:20,Cash,Food,Milk,Half lit  milk,36.0,Expense,INR
2018-08-17 20:06:32,Saving Bank account 1,Food,curd,Dahi 2 packets,20.0,Expense,INR
2018-08-17 19:21:17,Cash,Food,Milk,Half lit  milk,36.0,Expense,INR
2018-08-17 12:40:28,Saving Bank account 1,Dividend earned on Shares,Unknown,Pidilite Stocks,22.0,Income,INR
2018-08-16 19:08:01,Credit Card,subscription,Tata Sky,Permanent Residence - Tata Play recharge,157.0,Expense,INR
2018-08-15 09:44:05,Cash,Food,Sweets,Warna Srikhand half kg,290.0,Expense,INR
2018-08-15 09:11:44,Cash,Food,flour mill,M D sure 4kg atta,216.0,Expense,INR
2018-08-14 10:59:46,Saving Bank account 1,Dividend earned on Shares,Unknown,ITC Stocks,124.0,Income,INR
2018-08-14 10:04:52,Cash,Family,Pocket money,No Description,30.0,Expense,INR
2018-08-14 09:51:30,Cash,Food,snacks,Dahi,32.0,Expense,INR
2018-08-14 09:50:12,Cash,Household,Kirana,Toothpaste Patanjali,160.0,Expense,INR
2018-08-14 09:48:42,Cash,Apparel,Laundry,8 clothes ironing,56.0,Expense,INR
2018-08-14 09:46:54,Cash,Food,Ice cream,Vanila family pack,115.0,Expense,INR
2018-08-13 18:37:27,Cash,Household,Appliances,5 litres can Distilled water,100.0,Expense,INR
2018-08-13 18:36:01,Cash,Household,home decor,Brass Puja plate and diva,220.0,Expense,INR
2018-08-13 18:35:18,Cash,Food,Grocery,Half kg Lahsoon,45.0,Expense,INR
2018-08-13 18:33:36,Cash,Household,Kirana,Supermart,594.0,Expense,INR
2018-08-13 10:04:36,Cash,Food,Ice cream,Vanila cup,10.0,Expense,INR
2018-08-13 10:04:23,Cash,Food,Ice cream,chocobar,20.0,Expense,INR
,Cash,Food,snacks,8 kachori,96.0,Expense,INR
,Cash,Family,Pocket money,No Description,35.0,Expense,INR
,Cash,Beauty,grooming,hair cut,100.0,Expense,INR
,Cash,Family,Pocket money,No Description,100.0,Expense,INR
,Cash,Food,Tea,cutting chai,10.0,Expense,INR
,Credit Card,Health,Health,eyewear Glasses payment remaining,4300.0,Expense,INR
,Credit Card,Apparel,Clothing,For Family,3410.0,Expense,INR
,Cash,Transportation,Train,Place 0 to Place 4 return,20.0,Expense,INR
,Cash,Transportation,auto,Current Residence to Place 0,15.0,Expense,INR
,Credit Card,Family,clothes,Bows,398.0,Expense,INR
,Saving Bank account 1,Other,Unknown,From Family,100.0,Income,INR
,Saving Bank account 1,Dividend earned on Shares,Unknown,Redington Stocks,180.0,Income,INR
,Cash,Household,Kirana,Supermart,18.0,Expense,INR
,Cash,Food,flour mill,M D sure 4kg atta,216.0,Expense,INR
,Cash,Health,Health,eyewear Glasses advance,1000.0,Expense,INR
2018-07-31 21:52:08,Cash,Apparel,Laundry,13 clothes ironing,91.0,Expense,INR
2018-07-31 18:01:20,Saving Bank account 1,Money transfer,Home,No Description,30000.0,Expense,INR
2018-07-31 13:45:08,Cash,maid,Unknown,July salary,2000.0,Expense,INR
2018-07-31 13:44:15,Cash,Food,chocolate,10 melody,10.0,Expense,INR
2018-07-31 09:05:17,Saving Bank account 1,Salary,Unknown,From workplace ,70255.0,Income,INR
2018-07-30 18:44:23,Cash,Health,Medicine,Glucose D(50) + flora bc (40)+cyra 20(10),100.0,Expense,INR
2018-07-30 13:19:56,Cash,Health,Medicine,No Description,132.0,Expense,INR
2018-07-30 13:19:36,Saving Bank account 1,Food,Lunch,Catering Service,212.0,Expense,INR
2018-07-30 11:49:11,Cash,Food,breakfast,1 plates poha,25.0,Expense,INR
2018-07-29 19:29:54,Saving Bank account 1,Food,Eating out,Paneer pizza,260.0,Expense,INR
2018-07-29 15:52:47,Cash,Transportation,auto,Decathlon Place A to Place A station,50.0,Expense,INR
2018-07-29 11:39:53,Cash,Transportation,auto,Current Residence to Place 0,15.0,Expense,INR
2018-07-29 11:38:08,Saving Bank account 1,Transportation,Train,2 Place 0 to Place A returns,40.0,Expense,INR
2018-07-29 10:12:59,Cash,Food,breakfast,Medu vada 3 plate,105.0,Expense,INR
2018-07-28 23:42:57,Cash,Family,Pocket money,No Description,200.0,Expense,INR
2018-07-28 23:42:57,Debit Card,Culture,Movie,2 INOX ,481.36,Expense,INR
2018-07-28 21:30:49,Cash,Food,vegetables,No Description,195.0,Expense,INR
2018-07-28 20:45:00,Credit Card,Household,Kirana,Supermart,3750.0,Expense,INR
2018-07-27 18:39:39,Saving Bank account 1,Other,Unknown,Demat account charges,826.0,Expense,INR
2018-07-26 23:06:09,Cash,Food,Biscuits,Toast packet,40.0,Expense,INR
2018-07-26 13:44:31,Saving Bank account 1,Tax refund,Unknown,No Description,6780.0,Income,INR
2018-07-23 12:49:29,Credit Card,subscription,Tata Sky,Current Residence - Tata Play recharge,154.0,Expense,INR
2018-07-23 12:33:32,Cash,Food,breakfast,4 plates poha,100.0,Expense,INR
2018-07-21 19:02:36,Cash,Household,Kirana,Supermart,368.0,Expense,INR
2018-07-21 19:02:16,Cash,Food,fruits,Khajur pav kg,30.0,Expense,INR
2018-07-21 18:37:38,Saving Bank account 1,Food,snacks,2 Bhajipav + 2 vadapav,60.0,Expense,INR
2018-07-21 08:42:11,Cash,Food,Biscuits,Toast packet,45.0,Expense,INR
2018-07-20 19:59:46,Cash,Food,Ice cream,chocobar,20.0,Expense,INR
2018-07-20 19:59:08,Cash,Food,Potato,potato 1kg,25.0,Expense,INR
2018-07-20 19:58:46,Cash,Food,Onions,onion 1 kg,25.0,Expense,INR
2018-07-20 13:06:14,Saving Bank account 1,Transportation,Taxi,Ola cab - eye institute to Current Residence CHS,155.0,Expense,INR
2018-07-20 12:29:28,Cash,Health,Medicine,Cataract Medicine,87.0,Expense,INR
2018-07-20 09:11:48,Credit Card,Health,Medicine,Cataract Medicine,1048.0,Expense,INR
2018-07-19 20:25:13,Cash,Food,curd,Dahi 4 packets,40.0,Expense,INR
2018-07-18 20:26:03,Cash,Food,flour mill,M D sure 4kg atta,216.0,Expense,INR
2018-07-16 17:51:56,Cash,Apparel,Laundry,12 clothes ironing,84.0,Expense,INR
2018-07-16 10:43:53,Credit Card,Household,Hardware,Sony WI-C100 earphones wireless,1190.0,Expense,INR
2018-07-16 10:41:01,Cash,Food,snacks,7 kachori,84.0,Expense,INR
2018-07-15 19:12:57,Cash,Food,fruits,No Description,30.0,Expense,INR
2018-07-15 18:01:59,Cash,Food,vegetables,No Description,500.0,Expense,INR
2018-07-15 09:41:01,Cash,Food,snacks,4 kachori,48.0,Expense,INR
2018-07-14 18:10:13,Saving Bank account 1,Other,Unknown,CA  - income tax filing,2000.0,Expense,INR
2018-07-13 14:02:44,Saving Bank account 1,Transportation,Taxi,Ola cab - eye institute to Current Residence CHS,188.0,Expense,INR
2018-07-13 09:36:19,Credit Card,Health,Medicine,Cataract Medicine,1358.0,Expense,INR
,Cash,Food,Eggs,6 eggs,35.0,Expense,INR
,Cash,Food,Bread,2 bread packets,57.0,Expense,INR
,Saving Bank account 1,Dividend earned on Shares,Unknown,Tata Steel Stocks,180.0,Income,INR
,Cash,Transportation,Petrol,3.4 Lit Petrol,360.0,Expense,INR
,Cash,Food,Biscuits,Toast packet,20.0,Expense,INR
,Cash,Food,Grocery,Shev bhaji sev pav kg,60.0,Expense,INR
,Cash,Transportation,Taxi,Ola cab - eye institute to Current Residence CHS,185.0,Expense,INR
,Saving Bank account 1,Food,Tea,3 cutting chai,30.0,Expense,INR
,Credit Card,Health,Medicine,eye drop,153.0,Expense,INR
,Cash,Health,Hospital,Hospital consultation,500.0,Expense,INR
,Cash,Transportation,Taxi,Ola cab - Current Residence CHS to eye institute,130.0,Expense,INR
,Saving Bank account 1,Transportation,Taxi,To and Fro Cab Fare Contribution,675.0,Expense,INR
,Cash,Transportation,Train,Place 4 to Place 0,10.0,Expense,INR
,Credit Card,Food,Lunch,At restaurant,2.0,Expense,INR
,Saving Bank account 1,subscription,Mahanagar Gas,No Description,196.0,Expense,INR
,Cash,Food,Dinner,At restaurant,760.0,Expense,INR
,Cash,Transportation,Taxi,Park Inn Goa,100.0,Expense,INR
,Cash,Transportation,auto,Terminal 1 to Terminal 2,83.0,Expense,INR
,Cash,Food,Tea,cutting chai,7.0,Expense,INR
,Cash,Transportation,Train,Place 0 to Place P,20.0,Expense,INR
,Cash,Health,Hospital,Doctor Fees,100.0,Expense,INR
,Cash,Beauty,grooming,Shaving,50.0,Expense,INR
,Cash,Family,Pocket money,No Description,350.0,Expense,INR
,Saving Bank account 1,Health,Lab Tests,2 Thyroid (1000) + cholesterol (220) + uric acid (220),1440.0,Expense,INR
,Cash,maid,Unknown,No Description,500.0,Expense,INR
,Credit Card,subscription,Tata Sky,Current Residence - Tata Play recharge,154.0,Expense,INR
,Saving Bank account 1,Dividend earned on Shares,Unknown,Infosys Stocks,52.5,Income,INR
,Saving Bank account 1,Household,Kirana,Supermart,1595.0,Expense,INR
,Cash,Transportation,auto,Place 1 bridge to Current Residence 2 seats,50.0,Expense,INR
,Cash,Transportation,Bus,2 Place 6 Stand to MS,20.0,Expense,INR
,Credit Card,Household,home decor,Face towels + shampoo,626.0,Expense,INR
,Cash,Transportation,Bus,2 Place 1 to  mall,26.0,Expense,INR
,Cash,Transportation,auto,Current Residence to Place 1 bus stop highway,40.0,Expense,INR
,Debit Card,Culture,Movie,2 PVR ,461.0,Expense,INR
,Credit Card,Transportation,Travels,2 Place 2 to Place 1 - Shree Sharma Travels,1890.0,Expense,INR
,Saving Bank account 1,Food,snacks,Vadapav,15.0,Expense,INR
,Saving Bank account 1,Apparel,Clothing,undergarments pair of Jockey,430.0,Expense,INR
,Cash,Apparel,Laundry,clothes ironing,98.0,Expense,INR
,Saving Bank account 1,Food,Milk,milk 1lit ,72.0,Expense,INR
,Saving Bank account 1,Money transfer,Home,No Description,10000.0,Expense,INR
2018-06-30 18:47:45,Saving Bank account 1,Household,Appliances,Aqugurad PRV,1200.0,Expense,INR
2018-06-30 08:45:37,Saving Bank account 1,Dividend earned on Shares,Unknown,Asian paints Stocks,43.0,Income,INR
2018-06-30 08:45:18,Saving Bank account 1,Interest,Unknown,interest paid,342.0,Income,INR
2018-06-30 08:44:48,Saving Bank account 1,Salary,Unknown,From workplace ,65122.0,Income,INR
2018-06-29 17:01:00,Saving Bank account 1,Dividend earned on Shares,Unknown,HUL Stocks,44.0,Income,INR
2018-06-29 16:13:02,Cash,Household,Hardware,Tulsi plant+ pot,70.0,Expense,INR
2018-06-29 16:10:41,Cash,Household,Kitchen,Math tap repair,50.0,Expense,INR
2018-06-29 15:28:46,Cash,Household,Appliances,3 bulbs 3 pencil cells,270.0,Expense,INR
2018-06-28 20:44:36,Credit Card,Food,Dinner,Home Food Delivery,455.0,Expense,INR
2018-06-28 18:35:52,Cash,Food,snacks,Bhaji + vadapav + kachori+ tea,70.0,Expense,INR
2018-06-28 15:06:59,Cash,Transportation,Taxi,Vadala road to Nehru Planetarium,228.0,Expense,INR
2018-06-28 10:08:21,Credit Card,Apparel,Footwear,Mast & Harbour Slides,64.82,Expense,INR
2018-06-27 21:32:27,Credit Card,Tourism,Entry Fees,Planetarium,308.85,Expense,INR
2018-06-27 19:11:09,Saving Bank account 1,Other,Unknown,From Family,3000.0,Income,INR
2018-06-27 18:53:54,Cash,Food,Tea,2 cups,14.0,Expense,INR
2018-06-27 18:48:45,Cash,Household,gadgets,Mobile cover real mi note pro,100.0,Expense,INR
2018-06-27 18:46:33,Credit Card,Other,Unknown,Shopping at Alfa,4720.0,Expense,INR
2018-06-27 18:46:48,Cash,Household,gadgets,Mouse pad,100.0,Expense,INR
2018-06-27 18:43:23,Credit Card,Apparel,Accessories,Purse,450.0,Expense,INR
2018-06-27 18:19:27,Credit Card,Apparel,Footwear,Rainy season chappal,550.0,Expense,INR
2018-06-27 18:18:28,Cash,Transportation,auto,Place P station to Alfa market,25.0,Expense,INR
2018-06-27 14:00:32,Cash,Transportation,Train,2 Place 0 to Place P return,80.0,Expense,INR
2018-06-27 13:59:52,Cash,Transportation,auto,2 Current Residence to Place 0,30.0,Expense,INR
2018-06-27 06:30:08,Share Market Trading,Saving Bank account 1,Unknown,Refund,2549.59,Transfer-Out,INR
2018-06-26 19:47:42,Cash,Transportation,auto,2 Place 0 to Current Residence,30.0,Expense,INR
2018-06-26 19:47:42,Credit Card,Household,Kirana,Supermart,1990.0,Expense,INR
2018-06-26 17:25:23,Saving Bank account 1,Household,Appliances,Aqugurad water purifier,13050.0,Expense,INR
2018-06-26 12:49:54,Saving Bank account 1,Household,Hardware,Umbrella handle repair,70.0,Expense,INR
2018-06-26 11:47:08,Cash,Transportation,Train,Place 0 to Place 4 return,20.0,Expense,INR
2018-06-26 11:45:49,Cash,Food,Tea,2 cutting chai,20.0,Expense,INR
2018-06-26 11:44:48,Cash,Food,snacks,Bhaji + vadapav,30.0,Expense,INR
2018-06-25 15:09:49,Saving Bank account 1,Food,Lunch,Home Food Delivery,320.0,Expense,INR
2018-06-25 14:23:22,Credit Card,Household,Kirana,Smart point,2074.0,Expense,INR
2018-06-24 16:11:39,Cash,Transportation,auto,2 Place 0 to Current Residence,40.0,Expense,INR
2018-06-24 16:11:17,Saving Bank account 1,Food,breakfast,Bread,18.0,Expense,INR
2018-06-24 16:11:07,Saving Bank account 1,Food,Milk,milk 1lit ,72.0,Expense,INR
2018-06-24 14:37:00,Credit Card,Health,Health,Suppliemnts,211.75,Expense,INR
2018-06-24 13:31:06,Cash,Transportation,Train,2 Place 5 to Place 0,30.0,Expense,INR
2018-06-24 11:29:20,Credit Card,subscription,Tata Sky,Permanent Residence - Tata Play recharge,157.0,Expense,INR
2018-06-24 11:00:13,Cash,Food,snacks,2 Vadapav 2 samosa pav,60.0,Expense,INR
2018-06-23 19:25:22,Credit Card,subscription,Mobile Service Provider,Annual recharge,2545.0,Expense,INR
2018-06-23 10:15:35,Cash,Transportation,auto,No Description,30.0,Expense,INR
2018-06-22 15:32:22,Saving Bank account 1,subscription,Mobile Service Provider,Data booster pack,181.0,Expense,INR
2018-06-19 13:24:01,Saving Bank account 1,Family,Pocket money,No Description,2000.0,Expense,INR
2018-06-19 10:25:47,Saving Bank account 1,subscription,Mobile Service Provider,Data booster pack,25.0,Expense,INR
2018-06-18 22:18:59,Saving Bank account 1,subscription,Mobile Service Provider,Data booster pack,15.0,Expense,INR
2018-06-16 09:01:39,Saving Bank account 1,Share Market,Unknown,No Description,8500.0,Transfer-Out,INR
2018-06-15 21:19:39,Saving Bank account 1,subscription,Mobile Service Provider,Data booster pack,15.0,Expense,INR
2018-06-15 09:24:33,Saving Bank account 1,Transportation,train,2CC Place 2 to DDR Spl Train,1213.6,Expense,INR
,Cash,Food,Eggs,12 eggs,84.0,Expense,INR
,Credit Card,Self-development,Unknown,Marathon,1407.0,Expense,INR
,Saving Bank account 1,Household,home decor,Sofa covers,3000.0,Expense,INR
2018-05-31 08:47:33,Saving Bank account 1,Salary,Unknown,From workplace ,65134.0,Income,INR
2018-05-30 07:42:56,Saving Bank account 1,Dividend earned on Shares,Unknown,HDFC Stocks,88.0,Income,INR
2018-05-28 14:11:17,Credit Card,subscription,Mobile Service Provider,Data booster pack,25.0,Expense,INR
2018-05-28 10:41:59,Cash,Beauty,grooming,hair cut,100.0,Expense,INR
2018-05-27 10:50:10,Saving Bank account 2,Interest,Unknown,interest paid,28.0,Income,INR
2018-05-27 10:50:10,Cash,Household,Kirana,Soap + dahya pav kg,75.0,Expense,INR
2018-05-26 07:55:09,Cash,Transportation,auto,Permanent Residence to Motor Driving school,50.0,Expense,INR
2018-05-24 09:04:01,Saving Bank account 1,subscription,Mobile Service Provider,Data booster pack,667.0,Expense,INR
2018-05-23 21:20:18,Credit Card,subscription,Tata Sky,Permanent Residence - Tata Play recharge,166.0,Expense,INR
2018-05-22 20:47:36,Cash,Health,Health,2 All out refill,154.0,Expense,INR
2018-05-21 14:06:05,Cash,Family,Pocket money,No Description,140.0,Expense,INR
2018-05-20 14:06:20,Saving Bank account 1,Family,misc,"Soap, shampoo, razor",122.0,Expense,INR
2018-05-19 19:26:19,Cash,Household,Kitchen,flour mill,25.0,Expense,INR
2018-05-19 15:17:18,Saving Bank account 1,subscription,Mobile Service Provider,Data booster pack,15.0,Expense,INR
2018-05-18 15:35:49,Saving Bank account 1,subscription,Mobile Service Provider,Data booster pack,301.0,Expense,INR
2018-05-15 20:11:58,Saving Bank account 1,Food,Ice cream,Cookies & cream family pack,135.0,Expense,INR
2018-05-15 20:11:12,Cash,Transportation,auto,within city,30.0,Expense,INR
2018-05-15 20:10:10,Saving Bank account 1,Household,Appliances,LG Washing Machine,21500.0,Expense,INR
2018-05-15 18:43:55,Cash,Transportation,auto,Permanent Residence to GH road,50.0,Expense,INR
2018-05-14 23:09:55,Saving Bank account 1,Amazon pay cashback,Unknown,No Description,21.0,Income,INR
2018-05-14 23:08:45,Saving Bank account 1,subscription,Mobile Service Provider,Data booster pack,301.0,Expense,INR
2018-05-14 22:49:32,Cash,Other,Unknown,Digilock room charges,40.0,Expense,INR
2018-05-14 22:49:07,Cash,Transportation,auto,Place 2 station to Permanent Residence,50.0,Expense,INR
2018-05-14 18:01:15,Cash,Food,snacks,Potato chips,15.0,Expense,INR
2018-05-14 12:55:41,Saving Bank account 1,Food,fruits,2 dozens mango + 1kg litchi,1250.0,Expense,INR
2018-05-14 09:47:57,Cash,Transportation,Train,2 Place 0 to Place 3,40.0,Expense,INR
2018-05-14 09:47:13,Cash,Transportation,auto,2 Current Residence to Place 0,40.0,Expense,INR
2018-05-13 20:18:01,Cash,Apparel,Laundry,clothes ironing,77.0,Expense,INR
2018-05-13 20:16:54,Cash,Education,Stationary,Gel pen Refills,12.0,Expense,INR
2018-05-13 00:06:05,Cash,scrap,Unknown,No Description,20.0,Income,INR
,Credit Card,Food,Dinner,Domino's Pizza,437.0,Expense,INR
,Cash,Food,Lunch,Catering Service,70.0,Expense,INR
,Cash,Food,snacks,4 kachori,48.0,Expense,INR
,Cash,Food,Rajgira ladu,1 packet,20.0,Expense,INR
,Saving Bank account 1,Food,Ice cream,2 Faluda,80.0,Expense,INR
,Saving Bank account 1,Other,Unknown,NEFT from Big Share Services,947.0,Income,INR
,Cash,subscription,Newspaper,Mata + TOI + ET,12.0,Expense,INR
,Cash,Food,Biscuits,Toast packet,45.0,Expense,INR
,Credit Card,subscription,Netflix,No Description,199.0,Expense,INR
,Cash,Food,Sweets,Kaju katli half kg,500.0,Expense,INR
,Credit Card,Household,Toiletries,Handwash container2 + window cleaner,1086.0,Expense,INR
,Cash,Transportation,Bike,Mall parking,20.0,Expense,INR
,Saving Bank account 1,subscription,Mahanagar Gas,No Description,515.0,Expense,INR
,Saving Bank account 1,Food,Lunch,Home Food Delivery,430.0,Expense,INR
,Cash,Food,Milk,milk 1lit ,72.0,Expense,INR
,Saving Bank account 1,Other,Unknown,From Family,3000.0,Income,INR
,Cash,Family,Pocket money,No Description,600.0,Expense,INR
,Cash,Household,Kirana,Supermart,37.0,Expense,INR
,Saving Bank account 1,Food,snacks,Bhaji + vadapav,40.0,Expense,INR
,Saving Bank account 1,Food,fruits,Mango 1.5 kg,280.0,Expense,INR
,Saving Bank account 1,Health,Medicine,ITone eye drops,43.0,Expense,INR
,Saving Bank account 1,Health,Medicine,Refresh Tears Drop,122.0,Expense,INR
,Cash,Family,Pocket money,No Description,260.0,Expense,INR
2018-04-30 18:25:28,Cash,Food,snacks,6 kachori,72.0,Expense,INR
2018-04-30 18:25:08,Cash,Household,Kirana,Supermart,165.0,Expense,INR
2018-04-30 09:56:14,Credit Card,subscription,Tata Sky,Current Residence - Tata Play recharge,176.0,Expense,INR
2018-04-30 09:48:34,Cash,Food,Biscuits,Toast packet,45.0,Expense,INR
2018-04-30 09:48:07,Cash,Food,Milk,milk 1lit ,72.0,Expense,INR
2018-04-30 06:32:57,Cash,Gift,Unknown,To Family,500.0,Expense,INR
2018-04-29 18:28:10,Saving Bank account 1,Food,beverage,2 sugarcane juice,40.0,Expense,INR
2018-04-29 09:36:56,Saving Bank account 1,Salary,Unknown,From workplace ,65134.0,Income,INR
2018-04-28 21:03:59,Credit Card,Food,Dinner,Home Food Delivery,413.0,Expense,INR
2018-04-28 10:04:35,Cash,Family,Pocket money,No Description,500.0,Expense,INR
2018-04-27 18:30:51,Cash,Household,Kirana,Supermart,295.0,Expense,INR
2018-04-26 20:44:20,Cash,Food,snacks,Noodles packet,30.0,Expense,INR
2018-04-26 20:44:50,Saving Bank account 1,Food,Milk,milk 1lit ,72.0,Expense,INR
2018-04-26 11:30:19,Cash,Family,Pocket money,No Description,1000.0,Expense,INR
2018-04-25 18:28:39,Cash,Food,Lunch,Catering Service,70.0,Expense,INR
2018-04-24 22:24:28,Credit Card,subscription,Tata Sky,Permanent Residence - Tata Play recharge,157.0,Expense,INR
2018-04-23 18:21:36,Saving Bank account 1,Household,Kirana,Idli pith 1kg,38.0,Expense,INR
2018-04-23 15:22:30,Cash,maid,Unknown,No Description,500.0,Expense,INR
2018-04-22 21:03:30,Cash,Food,vegetables,No Description,10.0,Expense,INR
2018-04-22 12:35:39,Cash,Household,Kirana,Supermart,190.0,Expense,INR
2018-04-22 12:35:28,Saving Bank account 1,Food,Milk,milk 1lit ,72.0,Expense,INR
2018-04-21 23:15:33,Cash,Food,Ice cream,Naturals,160.0,Expense,INR
2018-04-21 21:15:07,Cash,Food,curd,Dahi 2 packets,20.0,Expense,INR
2018-04-20 20:39:57,Saving Bank account 1,Food,Dinner,Sugaran Kitchen,70.0,Expense,INR
2018-04-19 20:13:20,Cash,Household,Kitchen,flour mill,14.0,Expense,INR
2018-04-19 09:55:08,Saving Bank account 1,Food,Eggs,6 eggs,36.0,Expense,INR
2018-04-19 09:54:53,Saving Bank account 1,Food,Milk,milk 1lit ,72.0,Expense,INR
2018-04-17 09:04:44,Cash,Food,Milk,milk 1lit ,72.0,Expense,INR
2018-04-16 22:40:53,Saving Bank account 1,Education,Stationary,3 Pens,21.0,Expense,INR
2018-04-16 20:58:57,Saving Bank account 1,Apparel,Laundry,clothes ironing,63.0,Expense,INR
2018-04-16 20:55:46,Saving Bank account 1,Household,Kirana,Cockroach injection,270.0,Expense,INR
2018-04-16 18:26:44,Saving Bank account 1,Household,Kirana,Supermart,265.0,Expense,INR
2018-04-16 18:26:06,Credit Card,Household,Kirana,Smart point,450.0,Expense,INR
2018-04-15 19:07:49,Cash,Food,snacks,pav Bhaji,70.0,Expense,INR
2018-04-15 19:07:30,Cash,Food,Tea,2 cutting chai,20.0,Expense,INR
2018-04-15 19:06:45,Credit Card,Household,Kitchen,"Vessels for sugar, coffee and tea",799.0,Expense,INR
2018-04-15 14:40:22,Credit Card,Family,makeup,Body mist,525.0,Expense,INR
2018-04-15 14:40:08,Cash,Transportation,Bike,Station Parking,10.0,Expense,INR
2018-04-15 14:39:37,Cash,Transportation,Train,Place 0 to Place 4 return,20.0,Expense,INR
2018-04-15 14:38:43,Cash,Food,Lunch,Catering Service,70.0,Expense,INR
2018-04-14 22:27:04,Saving Bank account 1,Household,Kirana,Supermart,107.0,Expense,INR
2018-04-14 22:24:43,Saving Bank account 1,Food,Grocery,Pizza base packet 2,40.0,Expense,INR
2018-04-14 06:31:35,Saving Bank account 1,Food,Biscuits,Khari packet,45.0,Expense,INR
2018-04-14 06:31:14,Saving Bank account 1,Food,Milk,milk 1lit ,72.0,Expense,INR
2018-04-13 20:34:03,Cash,Health,Lab Tests,Family Thyroid Test + CBC,700.0,Expense,INR
,Cash,Household,Kirana,No Description,112.0,Expense,INR
,Cash,Food,snacks,Pattice,20.0,Expense,INR
,Cash,Food,Lunch,Catering Service,130.0,Expense,INR
,Cash,Food,breakfast,Bread,18.0,Expense,INR
,Saving Bank account 1,Gift,Unknown,farewell contribution,250.0,Expense,INR
,Cash,Food,Grocery,Ginger,10.0,Expense,INR
,Credit Card,Household,Kirana,Supermart,1857.0,Expense,INR
,Cash,Household,Kirana,Pav kg chana dal,24.0,Expense,INR
,Saving Bank account 1,Money transfer,Home,No Description,24500.0,Expense,INR
,Cash,Household,Kirana,Idli pith 1kg,38.0,Expense,INR
,Cash,Food,Eggs,6 eggs,36.0,Expense,INR
,Credit Card,Household,Hardware,Window cleaner,149.0,Expense,INR
,Cash,Food,Grocery,Pav kg Lahsoon,24.0,Expense,INR
,Cash,Food,curd,Dahi 2 packets,20.0,Expense,INR
,Cash,Food,Onions,onion 2 kg,36.0,Expense,INR
,Cash,maid,Unknown,No Description,2000.0,Expense,INR
,Saving Bank account 2,Interest,Unknown,interest paid,345.0,Income,INR
,Saving Bank account 1,Other,Unknown,ATM charge,5.9,Expense,INR
,Saving Bank account 1,Other,Unknown,ATM charge,24.78,Expense,INR
,Saving Bank account 2,Interest,Unknown,interest paid,345.15,Income,INR
,Saving Bank account 1,Money transfer,Home,No Description,10005.9,Expense,INR
2018-03-31 21:39:12,Saving Bank account 1,Food,Ice cream,2 chocobar,45.0,Expense,INR
2018-03-31 19:45:07,Credit Card,Food,Dinner,Home Food Delivery,244.0,Expense,INR
2018-03-31 14:48:02,Saving Bank account 1,Salary,Unknown,From workplace ,64636.0,Income,INR
2018-03-31 13:20:18,Credit Card,Food,Lunch,Domino's Pizza,419.0,Expense,INR
2018-03-31 11:32:03,Saving Bank account 1,Transportation,Bike,Station Parking,10.0,Expense,INR
2018-03-31 07:36:40,Saving Bank account 1,Interest,Unknown,interest paid,589.0,Income,INR
2018-03-31 07:26:26,Cash,Transportation,Train,Place 0 to Sion returns,30.0,Expense,INR
2018-03-30 20:10:12,Cash,Food,snacks,1 Panipuri,25.0,Expense,INR
2018-03-30 11:27:41,Cash,Food,vegetables,Ginger + green chilli,20.0,Expense,INR
2018-03-30 11:27:33,Cash,Food,Milk,milk 1lit ,72.0,Expense,INR
2018-03-29 20:10:25,Credit Card,Food,Dinner,At restaurant,1234.0,Expense,INR
2018-03-27 19:58:24,Cash,Food,breakfast,Bread,35.0,Expense,INR
2018-03-26 13:05:30,Saving Bank account 1,Food,Milk,milk 1lit ,72.0,Expense,INR
2018-03-26 09:55:55,Credit Card,subscription,Tata Sky,Permanent Residence - Tata Play recharge,157.0,Expense,INR
2018-03-25 22:20:31,Saving Bank account 1,Dividend earned on Shares,Unknown,Marico Stocks,40.5,Income,INR
2018-03-25 21:14:42,Cash,Transportation,Bike,Station Parking,10.0,Expense,INR
2018-03-25 21:14:08,Cash,Food,snacks,Popcorn family pack,25.0,Expense,INR
2018-03-25 21:13:44,Cash,Food,Tea,2 tea,20.0,Expense,INR
2018-03-25 21:13:19,Cash,Food,snacks,2 Frankie,160.0,Expense,INR
2018-03-25 21:12:38,Credit Card,Food,snacks,French crossiant,80.0,Expense,INR
2018-03-25 21:12:00,Credit Card,Food,Tea,IKEA tea 3,240.0,Expense,INR
2018-03-23 19:48:39,Cash,Culture,Books,Finding next Job,100.0,Expense,INR
2018-03-22 22:30:49,Saving Bank account 1,Food,flour mill,1 kg Bajari,7.0,Expense,INR
2018-03-22 22:30:20,Cash,Food,vegetables,Half kg tomato,15.0,Expense,INR
2018-03-22 20:13:48,Saving Bank account 1,Household,Kirana,Supermart,153.0,Expense,INR
2018-03-22 19:31:37,Saving Bank account 1,Food,snacks,Pickle,150.0,Expense,INR
2018-03-22 19:31:16,Cash,Food,snacks,Potato chips,150.0,Expense,INR
2018-03-22 12:50:18,Cash,Food,Rajgira ladu,1 packet,20.0,Expense,INR
2018-03-22 12:47:34,Cash,Food,Milk,milk 1lit ,72.0,Expense,INR
2018-03-21 23:13:13,Saving Bank account 1,Food,snacks,2 kachori,24.0,Expense,INR
2018-03-21 18:41:45,Credit Card,Household,Kirana,Idli pith 1kg,38.0,Expense,INR
2018-03-21 17:26:41,Cash,Family,Pocket money,No Description,50.0,Expense,INR
2018-03-20 20:13:08,Credit Card,Food,Dinner,2 Fried rice,246.0,Expense,INR
2018-03-20 16:30:07,Saving Bank account 2,Other,Unknown,No Description,17.0,Expense,INR
2018-03-20 16:26:08,Credit Card,Food,snacks,Chicken lollypop 8 pcs,215.75,Expense,INR
2018-03-20 16:15:59,Cash,Food,breakfast,Bread,18.0,Expense,INR
2018-03-20 16:15:41,Cash,Food,Eggs,6 eggs,36.0,Expense,INR
2018-03-20 16:15:16,Cash,Food,Milk,Half lit  milk,36.0,Expense,INR
2018-03-18 20:40:33,Cash,Transportation,Bike,Station Parking,10.0,Expense,INR
2018-03-18 18:57:34,Cash,Food,snacks,Dabeli,15.0,Expense,INR
2018-03-18 18:47:54,Credit Card,Family,clothes,Trouser,799.0,Expense,INR
2018-03-18 18:41:33,Credit Card,Family,clothes,Belt + bow,498.0,Expense,INR
2018-03-18 17:16:44,Cash,Food,snacks,Papad packet,50.0,Expense,INR
2018-03-18 17:16:27,Cash,Food,snacks,1 Panipuri,30.0,Expense,INR
2018-03-18 17:16:09,Cash,Food,Tea,cutting chai,10.0,Expense,INR
2018-03-18 16:16:21,Cash,Transportation,Train,Place 0 to Place 4 return,20.0,Expense,INR
2018-03-17 22:50:45,Cash,Food,Lunch,Catering Service,30.0,Expense,INR
2018-03-17 13:13:18,Saving Bank account 1,Food,Milk,Half lit  milk,37.0,Expense,INR
2018-03-15 16:27:45,Cash,Food,Lunch,Catering Service,60.0,Expense,INR
2018-03-15 16:27:45,Saving Bank account 1,Food,Milk,Half lit  milk,36.0,Expense,INR
2018-03-14 21:39:40,Cash,Household,Kirana,Mayonnaise + cheese cubes,140.0,Expense,INR
2018-03-14 21:38:13,Cash,Food,Onions,onion 2 kg,40.0,Expense,INR
2018-03-14 06:04:18,Credit Card,Food,Dinner,Domino's Pizza,578.0,Expense,INR
2018-03-14 06:03:35,Share Market Trading,Saving Bank account 1,Unknown,Unused funds,42.88,Transfer-Out,INR
2018-03-13 12:39:40,Cash,Family,Pocket money,No Description,480.0,Expense,INR
2018-03-13 09:27:56,Saving Bank account 1,Food,Milk,Half lit  milk,36.0,Expense,INR
,Saving Bank account 1,Transportation,train,2 Place 3 to Place 2 : Sevagram express 3AC,1293.0,Expense,INR
,Cash,Household,Hardware,Mosquito Racket,300.0,Expense,INR
,Cash,Health,Health,All out refill,77.0,Expense,INR
,Cash,Food,Milk,1 lit ,72.0,Expense,INR
,Saving Bank account 1,Apparel,Laundry,clothes ironing,91.0,Expense,INR
,Cash,Food,Bread,Flatbread 12 pcs,40.0,Expense,INR
,Cash,Petty cash,Unknown,From Family,500.0,Income,INR
,Saving Bank account 1,subscription,Mahanagar Gas,No Description,540.0,Expense,INR
,Saving Bank account 1,Festivals,Holi,Holi Tip to cleaner,20.0,Expense,INR
,Saving Bank account 1,Food,snacks,2 Vadapav,30.0,Expense,INR
,Cash,Health,Medicine,Thyroid Tablets,172.0,Expense,INR
,Cash,Health,Medicine,5 Meftal spas,22.0,Expense,INR
,Saving Bank account 1,Education,Stationary,Xerox,4.0,Expense,INR
,Saving Bank account 1,Petty cash,Unknown,From Family,3500.0,Income,INR
,Credit Card,Documents,Courier,Aadhar PUC card delivery,50.0,Expense,INR
,Cash,Family,Pocket money,No Description,50.0,Expense,INR
,Cash,Food,Ice cream,chocobar,20.0,Expense,INR
,Saving Bank account 1,Food,flour mill,M D sure 3kg atta,162.0,Expense,INR
,Credit Card,Household,Kirana,Supermart,1357.0,Expense,INR
,Credit Card,Household,Kirana,Smart point,972.0,Expense,INR
,Saving Bank account 1,Other,Unknown,blanket sewing,10.0,Expense,INR
,Cash,Family,Pocket money,No Description,450.0,Expense,INR
,Saving Bank account 1,Dividend earned on Shares,Unknown,ITC Stocks,78.0,Income,INR
,Saving Bank account 1,Food,Ice cream,chocobar,15.0,Expense,INR
,Credit Card,Food,Dinner,Domino's Pizza,189.0,Expense,INR
,Saving Bank account 1,Public Provident Fund,Unknown,No Description,10000.0,Transfer-Out,INR
2018-02-28 20:32:55,Saving Bank account 1,Food,Biscuits,Khari packet,45.0,Expense,INR
2018-02-28 20:31:38,Saving Bank account 1,Food,Milk,Half lit Varna milk,36.0,Expense,INR
2018-02-28 20:31:10,Credit Card,Food,Onions,onion 1 kg,30.0,Expense,INR
2018-02-28 20:29:59,Credit Card,Food,Potato,potato 1kg,18.0,Expense,INR
2018-02-28 14:52:04,Saving Bank account 1,Salary,Unknown,From workplace ,64556.0,Income,INR
2018-02-27 19:44:34,Credit Card,Household,Kirana,Idli pith 1kg,38.0,Expense,INR
2018-02-27 13:21:31,Cash,Food,Lunch,5 chapati,30.0,Expense,INR
2018-02-26 22:48:53,Saving Bank account 1,Food,Milk,1 lit ,73.0,Expense,INR
2018-02-26 19:32:22,Saving Bank account 1,Household,Toiletries,Mirror repair,140.0,Expense,INR
2018-02-26 18:25:59,Credit Card,Transportation,Bike,First servicing,443.0,Expense,INR
2018-02-26 12:41:33,Saving Bank account 1,Food,beverage,chaas,17.0,Expense,INR
2018-02-24 20:02:05,Saving Bank account 1,Food,Bread,Flatbread 12 pcs,40.0,Expense,INR
2018-02-23 22:34:02,Cash,Health,Medicine,Refresh Tears Drop,128.0,Expense,INR
2018-02-23 07:02:54,Saving Bank account 1,Food,Rajgira ladu,1 packet,20.0,Expense,INR
2018-02-23 06:59:56,Saving Bank account 1,Food,Milk,1 lit ,72.0,Expense,INR
2018-02-22 23:45:17,Saving Bank account 1,subscription,Tata Sky,Permanent Residence - Tata Play recharge,157.0,Expense,INR
2018-02-22 20:39:03,Saving Bank account 1,Food,beverage,Limca,20.0,Expense,INR
2018-02-22 20:38:20,Saving Bank account 1,Food,Onions,onion 1 kg,20.0,Expense,INR
2018-02-22 19:19:32,Saving Bank account 1,Food,Lunch,Catering Service,192.0,Expense,INR
2018-02-20 21:42:59,Saving Bank account 1,Household,Appliances,Kitchen fan + installation+ repair,2600.0,Expense,INR
2018-02-19 22:15:12,Saving Bank account 1,Petty cash,Unknown,From Family,170.0,Income,INR
2018-02-19 22:15:12,Saving Bank account 1,Beauty,grooming,hair cut+shaving,170.0,Expense,INR
2018-02-19 09:47:24,Saving Bank account 1,Food,Milk,1 lit ,72.0,Expense,INR
2018-02-19 09:47:14,Saving Bank account 1,Food,snacks,2 kachori,24.0,Expense,INR
2018-02-17 23:12:28,Credit Card,Food,Dinner,BBQ,1783.0,Expense,INR
2018-02-17 23:10:32,Credit Card,Family,clothes,No Description,3598.0,Expense,INR
2018-02-17 19:27:16,Cash,Transportation,Bike,Mall parking,20.0,Expense,INR
2018-02-17 19:26:45,Cash,Food,Lunch,5 chapati,30.0,Expense,INR
2018-02-16 08:44:18,Saving Bank account 1,Food,snacks,banana chips,45.0,Expense,INR
2018-02-16 08:41:51,Saving Bank account 1,Food,Biscuits,Khari packet,45.0,Expense,INR
2018-02-16 08:41:33,Saving Bank account 1,Food,Milk,1 lit ,72.0,Expense,INR
2018-02-15 19:48:20,Saving Bank account 1,Food,Ice cream,chocobar,35.0,Expense,INR
2018-02-15 19:47:54,Saving Bank account 1,Food,Grocery,Half kg tomato + methi 1 judi,30.0,Expense,INR
2018-02-15 19:46:43,Credit Card,Household,Kirana,Supermart,117.0,Expense,INR
2018-02-14 19:12:16,Saving Bank account 1,Food,snacks,1 chicken shawarma,60.0,Expense,INR
2018-02-13 20:24:24,Credit Card,Food,Potato,potato 1kg,25.0,Expense,INR
2018-02-13 20:23:23,Saving Bank account 1,Food,Bread,Bread,35.0,Expense,INR
2018-02-13 20:22:43,Saving Bank account 1,Food,Grocery,Amul cheese,72.0,Expense,INR
2018-02-13 06:58:06,Saving Bank account 1,Food,Milk,1 lit ,72.0,Expense,INR
,Saving Bank account 1,Food,Eggs,6 eggs,36.0,Expense,INR
,Saving Bank account 1,Food,curd,3 packets,30.0,Expense,INR
,Cash,Food,flour mill,M D sure 3kg atta,162.0,Expense,INR
,Cash,Transportation,auto,2 Place 0 to Current Residence,30.0,Expense,INR
,Cash,Food,Dinner,pav Bhaji,235.0,Expense,INR
,Cash,Food,snacks,Vadapav,15.0,Expense,INR
,Cash,Transportation,Train,Place 0 to Place 3 returns,40.0,Expense,INR
,Saving Bank account 1,Share Market,Unknown,No Description,4825.0,Transfer-Out,INR
,Saving Bank account 1,Food,Milk,1 lit ,69.0,Expense,INR
,Saving Bank account 1,Apparel,Laundry,clothes ironing,98.0,Expense,INR
,Saving Bank account 1,Food,snacks,Shev Puri,35.0,Expense,INR
,Saving Bank account 1,Food,Onions,onion 1 kg,25.0,Expense,INR
,Credit Card,Culture,Movie,2 PVR Place 6,312.0,Expense,INR
,Cash,Family,Pocket money,No Description,500.0,Expense,INR
,Saving Bank account 1,Food,Grocery,Raw chicken half kg,220.0,Expense,INR
,Saving Bank account 1,Food,Biscuits,Khari packet,45.0,Expense,INR
,Saving Bank account 1,Food,Milk,1 packet,69.0,Expense,INR
,Credit Card,Food,Dinner,Domino's Pizza,452.0,Expense,INR
,Saving Bank account 1,Food,Lunch,Catering Service,50.0,Expense,INR
,Saving Bank account 1,Food,Milk,Half lit  milk,35.0,Expense,INR
,Saving Bank account 1,Food,Ice cream,chocobar,10.0,Expense,INR
,Credit Card,Transportation,Travels,Place 2 to Place 1 - Shree Sharma Travels,945.0,Expense,INR
,Cash,Gpay Reward,Unknown,No Description,6.0,Income,INR
,Saving Bank account 1,Food,Lunch,Catering Service,82.0,Expense,INR
,Saving Bank account 1,Share Market,Unknown,No Description,2836.0,Transfer-Out,INR
,Saving Bank account 1,Gpay Reward,Unknown,No Description,6.0,Income,INR
,Cash,Family,Pocket money,No Description,170.0,Expense,INR
,Saving Bank account 1,Food,fruits,8 bananas,30.0,Expense,INR
,Saving Bank account 1,Food,vegetables,Half kg tomato,15.0,Expense,INR
,Saving Bank account 1,Share Market,Unknown,No Description,50000.0,Transfer-Out,INR
2018-01-31 22:00:22,Cash,Food,Dinner,At restaurant,320.0,Expense,INR
2018-01-31 20:01:53,Saving Bank account 1,Transportation,Bike,Parking sticker,50.0,Expense,INR
2018-01-31 08:21:09,Saving Bank account 1,Salary,Unknown,From workplace ,64636.0,Income,INR
2018-01-31 07:31:34,Saving Bank account 1,Food,Milk,1 lit ,69.0,Expense,INR
2018-01-30 21:05:31,Saving Bank account 1,Household,Kitchen,Matchbox packet 10pcs,10.0,Expense,INR
2018-01-30 21:05:19,Saving Bank account 1,Food,Grocery,Dahi 2 packets,20.0,Expense,INR
2018-01-30 15:31:24,Saving Bank account 1,Share Market,Unknown,No Description,10000.0,Transfer-Out,INR
2018-01-30 08:47:37,Cash,Family,Pocket money,No Description,100.0,Expense,INR
2018-01-29 07:50:07,Saving Bank account 1,Food,Biscuits,Khari packet,45.0,Expense,INR
2018-01-29 07:49:51,Saving Bank account 1,Food,Eggs,6 eggs,42.0,Expense,INR
2018-01-29 07:49:22,Saving Bank account 1,Food,Milk,1 lit ,69.0,Expense,INR
2018-01-28 19:26:02,Saving Bank account 1,Food,snacks,2 kachori,24.0,Expense,INR
2018-01-28 19:24:01,Credit Card,Household,Kirana,Smart point,976.9,Expense,INR
2018-01-28 19:16:31,Credit Card,Household,Kirana,Supermart,764.0,Expense,INR
2018-01-27 18:15:53,Saving Bank account 1,Transportation,Bike,Two Wheeler Bikedelux third installment,43000.0,Expense,INR
2018-01-27 09:57:14,Saving Bank account 1,Share Market,Unknown,No Description,30000.0,Transfer-Out,INR
2018-01-26 14:11:01,Cash,Transportation,auto,Place 0 to Current Residence,15.0,Expense,INR
2018-01-26 12:38:42,Cash,Transportation,Train,Place 0 to Place 4 return,20.0,Expense,INR
2018-01-26 12:37:47,Credit Card,Apparel,Clothing,Pyjama (999)+ carry bag (10),1009.0,Expense,INR
2018-01-26 10:06:07,Saving Bank account 1,Food,Rajgira ladu,1 packet,20.0,Expense,INR
2018-01-26 10:05:55,Saving Bank account 1,Food,Milk,1 lit ,69.0,Expense,INR
2018-01-26 10:03:44,Cash,Food,Potato,potato 1kg,25.0,Expense,INR
2018-01-26 10:03:28,Cash,Household,Kirana,Idli pith 1kg,38.0,Expense,INR
2018-01-25 13:24:57,Cash,Food,Lunch,Catering Service,70.0,Expense,INR
2018-01-24 16:33:41,Share Market Trading,Saving Bank account 1,Unknown,No Description,97.14,Transfer-Out,INR
2018-01-24 09:51:12,Cash,Food,Milk,Half lit  milk,35.0,Expense,INR
2018-01-23 21:28:59,Credit Card,Household,Kirana,Smart point,273.0,Expense,INR
2018-01-22 19:05:26,Saving Bank account 1,Food,flour mill,2 kg Bajari,14.0,Expense,INR
2018-01-22 12:08:08,Cash,Food,flour mill,M D sure 3kg atta,162.0,Expense,INR
2018-01-22 10:25:23,Saving Bank account 1,Health,Medicine,Cough-sills 4 pcs + sinarest 3 pcs,30.0,Expense,INR
2018-01-22 10:25:11,Saving Bank account 1,Food,Milk,1 lit ,69.0,Expense,INR
2018-01-21 19:44:43,Credit Card,Food,Dinner,Home Food Delivery,384.0,Expense,INR
2018-01-20 23:30:27,Saving Bank account 1,Amazon pay cashback,Unknown,No Description,2.0,Income,INR
2018-01-20 20:53:43,Saving Bank account 1,Food,Biscuits,crack-jack 1 packi,10.0,Expense,INR
2018-01-20 20:53:20,Saving Bank account 1,Food,Bread,No Description,45.0,Expense,INR
2018-01-20 10:18:03,Credit Card,subscription,Tata Sky,Permanent Residence - Tata Play recharge,179.0,Expense,INR
2018-01-19 22:24:42,Saving Bank account 1,Food,Bread,Flatbread 6 pcs,17.0,Expense,INR
2018-01-19 22:24:20,Saving Bank account 1,Household,Kirana,Amul butter,53.0,Expense,INR
2018-01-19 22:23:35,Cash,Food,Bread,Flatbread 6 pcs,20.0,Expense,INR
2018-01-19 22:22:37,Cash,Household,Kirana,Cakes,46.0,Expense,INR
2018-01-18 21:57:46,Saving Bank account 1,Transportation,Bike,Two Wheeler Bikedelux second installment,50000.0,Expense,INR
2018-01-18 15:09:12,Credit Card,Food,Lunch,Fresh veggie pizza,219.0,Expense,INR
2018-01-18 07:55:29,Saving Bank account 1,Food,Eggs,6 eggs,42.0,Expense,INR
2018-01-18 07:55:00,Saving Bank account 1,Food,Milk,1 lit ,69.0,Expense,INR
2018-01-16 09:20:40,Cash,Household,Kirana,Bhagar 1kg 130 + idli pith 1kg 35,165.0,Expense,INR
2018-01-16 08:22:48,Saving Bank account 1,Food,Milk,1 lit ,69.0,Expense,INR
2018-01-16 07:11:55,Credit Card,Social Life,Leisure,Marathon,298.0,Expense,INR
2018-01-15 16:55:27,Credit Card,Food,Sweets,Chitale Srikhand,284.0,Expense,INR
2018-01-15 16:54:35,Cash,Food,Grocery,onion 1 kg + half kg potato,38.0,Expense,INR
2018-01-15 13:51:31,Cash,Transportation,Train,Place 0 to Place 3 returns,40.0,Expense,INR
2018-01-15 13:50:29,Saving Bank account 1,Transportation,auto,Uber auto: Place 4 Station to Current Residence society,266.0,Expense,INR
2018-01-14 15:23:43,Cash,Transportation,Train,Place 0 to Santacruz return,40.0,Expense,INR
2018-01-14 15:22:04,Credit Card,Household,Hardware,Vibrating electronic message tool,798.0,Expense,INR
2018-01-14 15:22:51,Cash,Transportation,auto,station to Decathlon,20.0,Expense,INR
2018-01-14 15:22:40,Cash,Transportation,auto,Decathlon to station,25.0,Expense,INR
2018-01-14 15:21:39,Credit Card,Apparel,Clothing,Head band,199.0,Expense,INR
2018-01-14 12:21:16,Cash,Transportation,auto,Pali hill to Bandra station,23.0,Expense,INR
2018-01-14 10:54:48,Cash,Transportation,auto,mumbai University Kalina to Santacruz station,40.0,Expense,INR
2018-01-14 07:30:30,Cash,Transportation,auto,Current Residence to Place 0,15.0,Expense,INR
2018-01-13 20:57:11,Cash,Health,Medicine,Thyroid Tablets,740.0,Expense,INR
2018-01-13 20:55:55,Saving Bank account 1,Apparel,Laundry,clothes ironing,80.0,Expense,INR
,Credit Card,Household,Kirana,Smart point,226.0,Expense,INR
,Cash,Health,Lab Tests,Family Thyroid Test,500.0,Expense,INR
,Saving Bank account 1,Share Market,Unknown,No Description,20000.0,Transfer-Out,INR
,Saving Bank account 1,Equity Mutual Fund A,Unknown,No Description,1000.0,Transfer-Out,INR
,Saving Bank account 1,Food,Eggs,6 eggs,42.0,Expense,INR
,Saving Bank account 1,Food,Rajgira ladu,2 packets,40.0,Expense,INR
,Cash,Food,Bread,Flatbread 12 pcs,34.0,Expense,INR
,Cash,Food,snacks,Vadapav,20.0,Expense,INR
,Cash,Other,Unknown,Gift from inlaws,2000.0,Income,INR
,Credit Card,Household,Hardware,Sony WI-C100 earphones wireless,1399.0,Expense,INR
,Saving Bank account 1,Food,flour mill,M D sure 2kg atta,104.0,Expense,INR
,Cash,Household,Kirana,Harpik 1L,165.0,Expense,INR
,Cash,Food,Tea,2 cutting chai,20.0,Expense,INR
,Saving Bank account 1,subscription,Mahanagar Gas,No Description,810.0,Expense,INR
,Saving Bank account 1,Household,Appliances,5 litres can Distilled water,100.0,Expense,INR
,Cash,Food,curd,2 cups,20.0,Expense,INR
,Cash,Food,Milk,1 lit ,69.0,Expense,INR
,Equity Mutual Fund C,Maturity amount,Unknown,No Description,6049.0,Income,INR
,Cash,Household,Kirana,Cockroach injection,270.0,Expense,INR
,Cash,Household,Kirana,Nandadip oil bottle,130.0,Expense,INR
,Saving Bank account 1,Documents,Updation,Aadhar Address Change,50.0,Expense,INR
,Equity Mutual Fund A,Maturity amount,Unknown,SIP Redemption,113376.0,Income,INR
,Equity Mutual Fund D,Maturity amount,Unknown,SIP Redemption,106875.0,Income,INR
,Credit Card,Food,Dinner,Wok express + Domino's,681.0,Expense,INR
,Saving Bank account 1,Transportation,Bike,Two Wheeler Bikedelux booking amount,1000.0,Expense,INR
,Saving Bank account 1,Food,Eggs,6 eggs,40.0,Expense,INR
,Credit Card,Household,Kirana,Supermart,1140.0,Expense,INR
,Cash,Health,Medicine,Refresh Tears Drop,158.0,Expense,INR
,Credit Card,subscription,Amazon Prime,Amazon pay cashback 1017 + Rs.482,482.0,Expense,INR
,Cash,Food,Ice cream,Raspberry dolly,15.0,Expense,INR
,Credit Card,Household,gadgets,Logitech mouse,599.0,Expense,INR
,Saving Bank account 1,Money transfer,Home,No Description,30000.0,Expense,INR
2017-12-31 13:25:39,Cash,Food,Bread,Flatbread 24 pcs,30.0,Expense,INR
2017-12-31 08:15:25,Saving Bank account 1,Salary,Unknown,From workplace ,64623.0,Income,INR
2017-12-31 07:21:05,Saving Bank account 1,Interest,Unknown,interest paid,594.0,Income,INR
2017-12-30 10:51:45,Cash,Food,vegetables,Dudhi 20 + mirchi 5,25.0,Expense,INR
2017-12-29 21:36:07,Saving Bank account 1,Family,misc,For utensils,450.0,Expense,INR
2017-12-29 18:22:49,Cash,Food,snacks,3 pavwada,30.0,Expense,INR
2017-12-29 18:22:25,Cash,Household,Kirana,No Description,182.0,Expense,INR
2017-12-29 18:22:11,Cash,Food,flour mill,No Description,5.0,Expense,INR
2017-12-29 13:00:01,Saving Bank account 1,subscription,Mobile Service Provider,Data booster pack,181.0,Expense,INR
2017-12-28 18:27:52,Cash,Food,vegetables,Ginger,10.0,Expense,INR
2017-12-27 18:43:16,Cash,Food,Grocery,Tata salt 28+ 6 eggs 42,70.0,Expense,INR
2017-12-26 21:55:12,Saving Bank account 1,Fixed Deposit,Unknown,No Description,250000.0,Transfer-Out,INR
2017-12-26 21:50:33,Fixed Deposit,Saving Bank account 1,Unknown,No Description,150000.0,Transfer-Out,INR
2017-12-26 19:35:40,Credit Card,subscription,Newspaper,"ET Prime (1+1) till 24 Dec,2024",1749.0,Expense,INR
2017-12-25 17:43:26,Credit Card,subscription,Tata Sky,Permanent Residence - Tata Play recharge,156.0,Expense,INR
2017-12-25 11:53:26,Saving Bank account 1,subscription,Mobile Service Provider,Data booster pack,181.0,Expense,INR
2017-12-25 05:48:15,Cash,Transportation,auto,Place 2 station to Permanent Residence,80.0,Expense,INR
2017-12-24 21:24:36,Saving Bank account 1,Transportation,auto,2 Current Residence to Place 0,30.0,Expense,INR
2017-12-24 19:28:25,Credit Card,Gift,Unknown,Birthday gift,1364.0,Expense,INR
2017-12-24 19:28:11,Cash,Food,snacks,Gupta bhel,25.0,Expense,INR
2017-12-24 19:27:42,Cash,Household,Toiletries,Toothbrush (buy 2 get 1),100.0,Expense,INR
2017-12-24 08:06:55,Saving Bank account 1,Food,Milk,Half lit  milk,35.0,Expense,INR
2017-12-23 11:06:42,Credit Card,Gift,Unknown,Birthday gift,798.0,Expense,INR
2017-12-22 14:42:54,Saving Bank account 1,Food,Lunch,Home Food Delivery,380.0,Expense,INR
,Saving Bank account 1,Equity Mutual Fund C,Unknown,No Description,1000.0,Transfer-Out,INR
2017-12-21 20:45:11,Saving Bank account 1,Food,snacks,Vadapav,15.0,Expense,INR
2017-12-21 20:45:25,Cash,Household,Kirana,Surti kolam 2kg (54rsx2)+Monaco biscuits,118.0,Expense,INR
2017-12-21 14:34:40,Cash,Food,Lunch,Catering Service,65.0,Expense,INR
2017-12-21 14:34:05,Cash,Food,Milk,milk 1lit ,70.0,Expense,INR
2017-12-20 10:31:16,Cash,Food,Lunch,Catering Service,95.0,Expense,INR
2017-12-20 10:31:16,Credit Card,subscription,Edtech Course,Renewal,28400.0,Expense,INR
2017-12-19 20:59:27,Saving Bank account 1,Gpay Reward,Unknown,No Description,6.0,Income,INR
2017-12-19 20:25:07,Cash,Family,Pocket money,No Description,500.0,Expense,INR
2017-12-19 18:57:13,Cash,Food,snacks,Chicken Frankie,45.0,Expense,INR
2017-12-19 17:53:14,Share Market Trading,Saving Bank account 1,Unknown,Fund Withdrawal,108.96,Transfer-Out,INR
2017-12-19 17:53:27,Cash,Transportation,Train,Place 0 to WS return,10.0,Expense,INR
2017-12-19 06:38:08,Saving Bank account 1,Food,Milk,milk 1lit ,69.0,Expense,INR
2017-12-18 06:00:09,Credit Card,Apparel,Clothing,undergarment single,312.0,Expense,INR
2017-12-17 22:28:06,Credit Card,Food,Dinner,At restaurant,505.0,Expense,INR
2017-12-17 22:27:36,Cash,Transportation,auto,within city,30.0,Expense,INR
2017-12-17 22:26:42,Credit Card,Household,Kirana,Dmart,878.0,Expense,INR
2017-12-17 17:49:59,Cash,Food,Tea,2 cutting chai,20.0,Expense,INR
2017-12-17 17:48:57,Cash,Transportation,auto,college to inorbit,25.0,Expense,INR
2017-12-17 16:28:43,Cash,Transportation,Train,Place 0 to Place 4 return,20.0,Expense,INR
2017-12-17 16:28:24,Cash,Transportation,auto,Current Residence to Place 0,15.0,Expense,INR
2017-12-16 07:24:10,Saving Bank account 1,Food,Milk,milk 1lit ,69.0,Expense,INR
2017-12-15 07:24:31,Cash,Other,Unknown,Nosebud,10.0,Expense,INR
2017-12-15 07:24:31,Cash,Food,Ice cream,chocobar,15.0,Expense,INR
2017-12-14 20:17:25,Saving Bank account 1,Petty cash,Unknown,From Family,3000.0,Income,INR
2017-12-14 20:17:25,Cash,Food,Grocery,Paneer + 1 kg onion,145.0,Expense,INR
2017-12-13 22:00:09,Cash,Apparel,Laundry,clothes ironing,98.0,Expense,INR
2017-12-13 17:42:27,Cash,Family,Pocket money,No Description,20.0,Expense,INR
2017-12-13 07:31:27,Saving Bank account 1,Food,Milk,milk 1lit ,69.0,Expense,INR
,Cash,Food,Eggs,6 eggs,40.0,Expense,INR
,Credit Card,Food,snacks,Double chicken shwarma,100.0,Expense,INR
,Cash,Food,Lunch,Catering Service,80.0,Expense,INR
,Saving Bank account 1,Equity Mutual Fund F,Unknown,No Description,1000.0,Transfer-Out,INR
,Cash,Food,vegetables,No Description,90.0,Expense,INR
,Cash,Food,fruits,No Description,310.0,Expense,INR
,Cash,Food,snacks,Gupta bhel,25.0,Expense,INR
,Saving Bank account 1,Food,Lunch,Catering Service,65.0,Expense,INR
,Cash,Food,Lunch,Catering Service,85.0,Expense,INR
,Saving Bank account 1,Food,Dinner,Home Food Delivery - roti 17*4+ paneer chatpata 190+ veg crispy 150,408.0,Expense,INR
,Saving Bank account 1,Food,Milk,milk 1lit ,69.0,Expense,INR
,Saving Bank account 1,Food,Lunch,Catering Service,125.0,Expense,INR
,Saving Bank account 1,subscription,Tata Sky,Current Residence - Tata Play recharge,100.0,Expense,INR
,Saving Bank account 1,subscription,Edtech Course,No Description,2700.0,Expense,INR
,Credit Card,Household,Kirana,Smart point,937.0,Expense,INR
,Credit Card,Household,Kirana,Supermart,990.0,Expense,INR
,Saving Bank account 1,Food,fruits,No Description,120.0,Expense,INR
,Recurring Deposit,Maturity amount,Unknown,Premature closure of RD3 & RD4,14086.0,Income,INR
,Saving Bank account 1,Food,Bread,No Description,35.0,Expense,INR
,Cash,Food,snacks,Amul butter,50.0,Expense,INR
,Saving Bank account 1,subscription,Newspaper,No Description,110.0,Expense,INR
,Cash,Food,snacks,Shev Puri,30.0,Expense,INR
,Saving Bank account 1,Food,Lunch,Home Food Delivery - Chicken lollypop 8 pcs 190 + chicken manchow soup 100,290.0,Expense,INR
,Cash,Other,Unknown,2 kg soil,20.0,Expense,INR
,Cash,Beauty,grooming,hair cut+shaving,160.0,Expense,INR
,Saving Bank account 1,Food,Ice cream,chocobar,35.0,Expense,INR
,Saving Bank account 1,Food,Lunch,Catering Service ( 5 methi paranthe),125.0,Expense,INR
,Share Market Trading,Saving Bank account 1,Unknown,Fund Withdrawal,100000.0,Transfer-Out,INR
,Saving Bank account 1,Public Provident Fund,Unknown,No Description,40000.0,Transfer-Out,INR
,Saving Bank account 1,Recurring Deposit,Unknown,No Description,1000.0,Transfer-Out,INR
2017-11-30 20:20:53,Saving Bank account 1,Health,Medicine,5 Meftal spas,22.0,Expense,INR
2017-11-30 20:20:53,Saving Bank account 1,Health,Health,Glasses remaining,800.0,Expense,INR
2017-11-30 20:20:53,Credit Card,Health,Health,Family's Glasses,22700.0,Expense,INR
2017-11-30 16:56:20,Saving Bank account 1,Money transfer,Home,No Description,10000.0,Expense,INR
2017-11-30 16:17:01,Saving Bank account 1,Saving Bank account 2,Unknown,No Description,77.33,Transfer-Out,INR
2017-11-30 08:55:08,Cash,Family,Pocket money,Change,50.0,Expense,INR
2017-11-30 08:15:06,Saving Bank account 1,Salary,Unknown,From workplace ,64636.0,Income,INR
2017-11-28 17:35:35,Saving Bank account 1,Food,Bread,Sweet bread cake pav kg,90.0,Expense,INR
2017-11-28 17:35:35,Saving Bank account 1,Food,Eggs,6 eggs,42.0,Expense,INR
2017-11-28 17:35:35,Saving Bank account 1,Food,Bread,No Description,18.0,Expense,INR
2017-11-28 17:35:35,Credit Card,Household,Kirana,Toast+ biscuits,115.0,Expense,INR
2017-11-28 17:35:35,Saving Bank account 1,Food,vegetables,No Description,140.0,Expense,INR
2017-11-28 08:30:27,Saving Bank account 1,Food,Milk,1 lit ,69.0,Expense,INR
2017-11-27 21:05:52,Saving Bank account 1,Health,Health,Glasses advance,1000.0,Expense,INR
2017-11-27 21:05:37,Saving Bank account 1,Gpay Reward,Unknown,No Description,7.0,Income,INR
2017-11-27 16:07:30,Cash,Transportation,auto,2 Place 0 to Current Residence,30.0,Expense,INR
2017-11-27 13:39:29,Cash,Transportation,auto,Place 6 station to  mall,30.0,Expense,INR
2017-11-27 13:38:55,Cash,Transportation,Train,1 Place 0 to Place 6,5.0,Expense,INR
2017-11-27 13:38:20,Credit Card,Apparel,Footwear,Sandals Hush puppies,2699.0,Expense,INR
2017-11-26 22:26:15,Saving Bank account 1,Gpay Reward,Unknown,No Description,8.0,Income,INR
2017-11-26 20:30:45,Cash,Transportation,auto,eye institute to Place 6 station,40.0,Expense,INR
2017-11-26 20:30:12,Credit Card,Health,Medicine,eye drop,159.0,Expense,INR
2017-11-26 17:29:44,Cash,Transportation,auto,Place 6 station to eye institute,40.0,Expense,INR
2017-11-26 17:25:47,Saving Bank account 1,Health,Hospital,"Routine checkup - eye institute, Place 6",400.0,Expense,INR
2017-11-26 16:59:29,Cash,Transportation,Train,1 Place 0 to Place 6 return,10.0,Expense,INR
2017-11-25 10:25:57,Credit Card,subscription,Tata Sky,Permanent Residence - Tata Play recharge,156.0,Expense,INR
2017-11-25 09:29:45,Saving Bank account 1,Food,Milk,1 lit ,69.0,Expense,INR
2017-11-25 09:29:08,Cash,Apparel,Laundry,clothes ironing : Rs 6 per item,90.0,Expense,INR
2017-11-25 08:35:44,Cash,Food,vegetables,Half kg tomato,10.0,Expense,INR
2017-11-24 12:22:39,Credit Card,Culture,Movie,2 PVR Place 6,314.0,Expense,INR
2017-11-23 12:22:39,Cash,Food,Bread,Flatbread 8 pcs,23.0,Expense,INR
2017-11-23 12:22:39,Cash,Food,Grocery,Dahi + remaining balance,17.0,Expense,INR
2017-11-23 12:22:39,Cash,Food,flour mill,3 kg Bajari,21.0,Expense,INR
2017-11-23 06:16:26,Saving Bank account 1,Food,Milk,1 lit ,69.0,Expense,INR
2017-11-20 18:39:39,Saving Bank account 1,Food,Milk,milk 1lit ,70.0,Expense,INR
2017-11-20 18:39:05,Cash,scrap,Unknown,No Description,200.0,Income,INR
2017-11-19 20:23:22,Saving Bank account 1,Food,snacks,1 Panipuri,20.0,Expense,INR
2017-11-19 20:23:06,Cash,Transportation,auto,2 Place 0 to Current Residence,30.0,Expense,INR
2017-11-19 20:22:43,Cash,Transportation,Train,2 Place 0 to Place 6 return,20.0,Expense,INR
2017-11-19 20:22:19,Cash,Transportation,auto,2 Current Residence to Place 0,30.0,Expense,INR
2017-11-19 13:58:30,Credit Card,Culture,Movie,2 PVR Place 6,436.0,Expense,INR
2017-11-18 22:20:50,Credit Card,Household,Kirana,Khobra + shengdana+ vim bar,242.0,Expense,INR
2017-11-18 20:32:08,Saving Bank account 1,Food,Eggs,6 eggs,39.0,Expense,INR
2017-11-18 15:03:07,Saving Bank account 1,subscription,Mahanagar Gas,No Description,147.0,Expense,INR
2017-11-18 11:06:13,Saving Bank account 1,Self-development,Unknown,Marathon,950.0,Expense,INR
2017-11-18 08:04:11,Saving Bank account 1,Food,Milk,1.5 lit milk ,104.0,Expense,INR
2017-11-17 22:26:31,Saving Bank account 1,Food,Ice cream,Vanila family pack,105.0,Expense,INR
2017-11-17 22:25:48,Saving Bank account 1,Household,Kirana,Agarbatti 55 + dahi 25,80.0,Expense,INR
2017-11-17 13:37:44,Saving Bank account 1,Food,flour mill,4 kg Gehu,28.0,Expense,INR
2017-11-16 05:55:14,Saving Bank account 1,Food,Milk,1 lit ,70.0,Expense,INR
2017-11-15 20:48:26,Credit Card,Food,Dinner,Home Food Delivery,524.0,Expense,INR
2017-11-15 20:47:14,Saving Bank account 1,Household,Kirana,Toast 55 + Kisan Jam 85 + all out 75,209.0,Expense,INR
2017-11-15 20:46:34,Saving Bank account 1,Education,Stationary,Photo paper print,45.0,Expense,INR
2017-11-15 20:46:03,Saving Bank account 1,Food,Bread,brown bread,25.0,Expense,INR
2017-11-15 20:43:38,Credit Card,Household,Kirana,Amul butter 52 + Good Day biscuits 43,95.0,Expense,INR
2017-11-14 22:09:11,Cash,Food,fruits,No Description,125.0,Expense,INR
2017-11-14 22:08:41,Cash,Family,Pocket money,No Description,770.0,Expense,INR
2017-11-14 20:19:17,Saving Bank account 1,Food,Grocery,vegetables,160.0,Expense,INR
2017-11-13 20:18:43,Saving Bank account 1,Household,Kirana,Pani Puri packet + Bundi + chivda,180.0,Expense,INR
2017-11-13 20:18:06,Saving Bank account 1,Food,Milk,milk 1lit varna,70.0,Expense,INR
2017-11-13 20:17:37,Saving Bank account 1,Food,Grocery,onion 1 kg + half kg potato,50.0,Expense,INR
2017-11-13 20:17:00,Credit Card,Household,Kirana,Maggie + lizol,268.0,Expense,INR
2017-11-13 20:16:48,Saving Bank account 1,Food,Grocery,Shev bhaji sev pav kg,60.0,Expense,INR
,Credit Card,Food,Dinner,At restaurant,1525.0,Expense,INR
,Cash,Food,Tea,No Description,12.0,Expense,INR
,Credit Card,Household,Appliances,USB cord,130.0,Expense,INR
,Cash,Household,Appliances,Screwdriver 2,120.0,Expense,INR
,Credit Card,Other,Unknown,Shopping at Alfa,3690.0,Expense,INR
,Cash,Transportation,auto,Place P station to Alfa market,34.0,Expense,INR
,Cash,Transportation,Train,Place 4 station to Place P return,30.0,Expense,INR
,Cash,Transportation,Train,Place 0 to Place P return,40.0,Expense,INR
,Saving Bank account 1,Food,Eggs,6 eggs,39.0,Expense,INR
,Saving Bank account 1,Food,Milk,Half lit  milk,26.0,Expense,INR
,Cash,Apparel,Laundry,clothes ironing : Rs 6 per item,72.0,Expense,INR
,Cash,Household,Toiletries,Colgate max fresh small,20.0,Expense,INR
,Credit Card,Household,Kirana,No Description,67.0,Expense,INR
,Saving Bank account 1,Health,Medicine,Acne Star cream,100.0,Expense,INR
,Saving Bank account 1,Food,Lunch,Bhendi bhaji,40.0,Expense,INR
,Saving Bank account 1,Food,Milk,1 lit ,70.0,Expense,INR
,Credit Card,Household,Kirana,No Description,539.0,Expense,INR
,Saving Bank account 1,Food,fruits,1 kg apple,130.0,Expense,INR
,Cash,Food,Eggs,6 eggs,39.0,Expense,INR
,Cash,Transportation,auto,Place 0 to Current Residence,15.0,Expense,INR
,Saving Bank account 1,subscription,Tata Sky,Current Residence - Tata Play recharge,200.0,Expense,INR
,Cash,Food,snacks,2 pavwada,20.0,Expense,INR
,Cash,Other,Unknown,Dambar goli 2 packets ( Naphthalene balls),130.0,Expense,INR
,Saving Bank account 1,subscription,Mobile Service Provider,Mobile Service Provider freedom pack,296.0,Expense,INR
,Saving Bank account 1,Salary,Unknown,From workplace ,78298.0,Income,INR
2017-10-29 22:56:05,Saving Bank account 1,subscription,Mobile Service Provider,Mobile Service Provider freedom pack,296.0,Expense,INR
2017-10-29 22:24:14,Credit Card,subscription,Mobile Service Provider,Mobile Service Provider freedom pack,296.0,Expense,INR
2017-10-29 21:54:53,Credit Card,subscription,Hotstar,subscription 1yr,795.49,Expense,INR
2017-10-27 12:55:49,Cash,Transportation,auto,Permanent Residence to bus stand,40.0,Expense,INR
2017-10-26 19:24:35,Cash,Transportation,auto,within city,50.0,Expense,INR
2017-10-26 19:23:26,Cash,Festivals,Diwali,Offering,50.0,Expense,INR
2017-10-26 16:34:04,Cash,Festivals,Diwali,Offering,10.0,Expense,INR
2017-10-26 13:01:57,Cash,Festivals,Diwali,Offering,500.0,Expense,INR
2017-10-25 21:51:03,Saving Bank account 1,Petty cash,Unknown,From Family,3000.0,Income,INR
2017-10-24 18:27:42,Saving Bank account 1,subscription,Mobile Service Provider,Mobile Service Provider freedom pack,296.0,Expense,INR
2017-10-24 10:58:47,Cash,Food,snacks,Dahi,10.0,Expense,INR
2017-10-23 21:28:37,Cash,Household,Toiletries,Shampoo sachets,9.0,Expense,INR
2017-10-23 19:00:08,Cash,Apparel,Footwear,Slippers,220.0,Expense,INR
2017-10-23 18:57:11,Cash,Festivals,Diwali,Aakash kandil,200.0,Expense,INR
2017-10-23 18:54:46,Cash,Household,Toiletries,Dettol liquid handwash refill,99.0,Expense,INR
2017-10-23 11:03:59,Cash,Household,Kitchen,flour mill,27.0,Expense,INR
2017-10-23 09:02:11,Cash,Household,Kirana,No Description,50.0,Expense,INR
2017-10-23 04:23:50,Saving Bank account 1,subscription,Tata Sky,Permanent Residence - Tata Play recharge,191.0,Expense,INR
2017-10-22 18:35:25,Cash,Transportation,auto,Current Residence to Place 1 bus stop highway,50.0,Expense,INR
2017-10-21 21:32:40,Credit Card,Other,Unknown,ipad cover + case,1888.0,Expense,INR
2017-10-21 19:30:30,Cash,Food,Grocery,Onion half kg 13 + milkybar 10 + Colgate maxfresh 10,33.0,Expense,INR
2017-10-21 13:43:21,Cash,maid,Unknown,No Description,2000.0,Expense,INR
2017-10-20 23:03:35,Saving Bank account 1,Gift,Unknown,farewell contribution,200.0,Expense,INR
2017-10-20 19:54:58,Cash,Festivals,Diwali,Rangoli + stamp,20.0,Expense,INR
2017-10-19 21:44:36,Cash,Food,snacks,Gupta bhel,25.0,Expense,INR
2017-10-18 19:24:45,Credit Card,Transportation,train,2 Place 2 to Place 3 : Sevagram express 3AC,1333.0,Expense,INR
2017-10-18 19:16:25,Credit Card,Transportation,train,2 Place 3 to Place 2 : Amritsar express 3AC,1231.0,Expense,INR
2017-10-17 13:18:33,Saving Bank account 1,Petty cash,Unknown,From Family,3000.0,Income,INR
2017-10-13 12:33:18,Cash,Family,Pocket money,No Description,70.0,Expense,INR
,Saving Bank account 1,Equity Mutual Fund D,Unknown,Lumpsum,10000.0,Transfer-Out,INR
,Saving Bank account 1,Transportation,train,Place 2 to Place 3 sevagram,658.6,Expense,INR
,Cash,Household,Kitchen,flour mill,14.0,Expense,INR
,Saving Bank account 1,Share Market,Unknown,Stock market,150000.0,Transfer-Out,INR
,Cash,Food,fruits,No Description,230.0,Expense,INR
,Cash,Food,Grocery,vegetables,280.0,Expense,INR
,Saving Bank account 1,subscription,Wifi Internet Service,1 Year Plan (40mbps + UL+ 3 Months Free),5640.0,Expense,INR
,Credit Card,Gift,Unknown,For Friend,6500.0,Expense,INR
,Credit Card,Family,clothes,Fab India,3198.0,Expense,INR
,Saving Bank account 1,Health,Medicine,No Description,468.0,Expense,INR
,Saving Bank account 1,Other,Unknown,account opening fee,200.0,Expense,INR
,Saving Bank account 1,Health,Medicine,Boroline + band aid,50.0,Expense,INR
,Cash,Family,Pocket money,No Description,400.0,Expense,INR
,Credit Card,Household,Kirana,Supermart,3055.0,Expense,INR
,Saving Bank account 1,subscription,Hotstar,3 months subscription Mobile,149.0,Expense,INR
2017-09-30 20:24:16,Saving Bank account 1,Health,Medicine,Candid dusting powder,59.0,Expense,INR
2017-09-30 20:24:02,Saving Bank account 1,Household,Kirana,Supermart,155.0,Expense,INR
2017-09-30 20:23:13,Saving Bank account 1,Food,Grocery,vegetables,135.0,Expense,INR
2017-09-30 20:22:53,Cash,Food,Grocery,vegetables,30.0,Expense,INR
2017-09-30 17:03:55,Cash,Household,Kitchen,Cooktop installation+ base,600.0,Expense,INR
2017-09-30 10:12:34,Saving Bank account 1,Salary,Unknown,From workplace ,61578.0,Income,INR
2017-09-30 07:40:38,Saving Bank account 1,Interest,Unknown,interest paid,778.0,Income,INR
2017-09-29 21:53:47,Cash,Apparel,Laundry,clothes ironing : Rs 6 per item,60.0,Expense,INR
2017-09-29 21:53:28,Cash,Food,snacks,Gupta bhel,25.0,Expense,INR
2017-09-29 21:53:08,Cash,Food,Ice cream,Vanila cup,10.0,Expense,INR
2017-09-29 21:52:32,Saving Bank account 1,Health,Medicine,3 tablet Nor tz,21.0,Expense,INR
2017-09-28 18:32:23,Saving Bank account 1,subscription,Tata Sky,Current Residence - Tata Play recharge,215.0,Expense,INR
2017-09-28 16:58:46,Saving Bank account 1,Transportation,Travels,2 Place 1 to Place 2 - Novelty tour and travels,2388.0,Expense,INR
2017-09-27 20:17:00,Cash,Household,Kirana,No Description,312.0,Expense,INR
2017-09-27 15:55:05,Saving Bank account 1,Gpay Reward,Unknown,No Description,6.0,Income,INR
2017-09-27 15:53:49,Saving Bank account 1,Gift,Unknown,farewell contribution,334.0,Expense,INR
2017-09-25 17:57:52,Saving Bank account 1,Food,fruits,half kg chiku,30.0,Expense,INR
2017-09-25 17:56:56,Saving Bank account 1,Food,fruits,Apple 2 kg (110) + Banana 1kg (80),300.0,Expense,INR
2017-09-24 21:05:55,Cash,Transportation,auto,2 Place 0 to Current Residence,30.0,Expense,INR
2017-09-24 21:05:24,Cash,Transportation,Train,Place 0 to WS return,10.0,Expense,INR
2017-09-24 15:58:33,Credit Card,Culture,Movie,2,560.0,Expense,INR
2017-09-24 11:36:54,Cash,Food,Sweets,Half kg pedhe,280.0,Expense,INR
2017-09-24 11:36:37,Saving Bank account 1,Beauty,grooming,hair cut,100.0,Expense,INR
2017-09-23 21:04:58,Saving Bank account 1,Food,Dinner,Chicken masala gravy,100.0,Expense,INR
2017-09-21 15:07:52,Cash,Other,Unknown,Umbrella cover repair,10.0,Expense,INR
2017-09-21 15:06:36,Cash,Transportation,auto,Place 0 to Current Residence,15.0,Expense,INR
2017-09-21 12:45:28,Cash,Food,snacks,Vadapav,15.0,Expense,INR
2017-09-21 12:45:22,Cash,Food,Tea,No Description,10.0,Expense,INR
2017-09-21 08:05:45,Cash,Transportation,Train,Place 0 to dadar return,30.0,Expense,INR
2017-09-21 07:52:53,Cash,Family,Pocket money,No Description,70.0,Expense,INR
2017-09-20 19:14:29,Saving Bank account 1,Health,Health,Surgical gloves pair,20.0,Expense,INR
2017-09-20 14:01:38,Saving Bank account 1,Other,Unknown,CSR,100.0,Expense,INR
2017-09-20 14:01:26,Cash,Family,Pocket money,No Description,20.0,Expense,INR
2017-09-18 20:35:36,Saving Bank account 1,Health,Medicine,No Description,55.0,Expense,INR
2017-09-18 10:22:42,Cash,Food,fruits,half kg chiku,60.0,Expense,INR
2017-09-18 10:22:20,Cash,Food,fruits,Nariyal,55.0,Expense,INR
2017-09-17 21:47:23,Saving Bank account 1,Household,Kirana,No Description,114.0,Expense,INR
2017-09-17 12:45:37,Saving Bank account 1,Health,Medicine,No Description,151.0,Expense,INR
2017-09-17 10:50:40,Credit Card,Household,Kirana,Supermart,558.0,Expense,INR
2017-09-17 10:50:23,Saving Bank account 1,Food,Bread,No Description,35.0,Expense,INR
2017-09-17 10:50:09,Saving Bank account 1,Food,Milk,1.5 lit milk ,99.0,Expense,INR
2017-09-15 22:32:40,Cash,Food,Dinner,Sugaran Kitchen,60.0,Expense,INR
2017-09-15 13:32:36,Saving Bank account 1,Food,Lunch,No Description,130.0,Expense,INR
2017-09-15 11:48:48,Cash,Food,fruits,Nariyal,55.0,Expense,INR
2017-09-15 11:48:08,Saving Bank account 1,Health,Medicine,No Description,373.0,Expense,INR
2017-09-15 11:47:49,Saving Bank account 1,Health,Hospital,Doctor Fees,150.0,Expense,INR
2017-09-15 11:46:38,Saving Bank account 1,Transportation,Travels,2 Place 2 to Place 1 - Novelty tour and travels,1400.0,Expense,INR
2017-09-15 09:56:50,Saving Bank account 1,Food,Tea,2 tea parcel,24.0,Expense,INR
2017-09-15 09:56:30,Saving Bank account 1,Food,breakfast,2 plates poha,50.0,Expense,INR
2017-09-15 09:56:20,Saving Bank account 1,Food,Milk,milk 1lit ,66.0,Expense,INR
2017-09-14 06:21:12,Credit Card,Food,Lunch,No Description,282.0,Expense,INR
2017-09-14 06:21:12,Saving Bank account 1,subscription,Tata Sky,Current Residence - Tata Play recharge,100.0,Expense,INR
2017-09-13 21:24:47,Saving Bank account 1,Food,Dinner,Sugaran Kitchen,110.0,Expense,INR
,Saving Bank account 1,Gpay Reward,Unknown,No Description,5.0,Income,INR
,Saving Bank account 1,Food,Milk,milk 1lit ,66.0,Expense,INR
,Cash,Transportation,auto,Current Residence to Place 1 bus stop highway,60.0,Expense,INR
,Saving Bank account 1,Transportation,Travels,2 Place 1 to Place 2 - Novelty tour and travels,2598.0,Expense,INR
,Saving Bank account 1,Family,Pocket money,No Description,2500.0,Expense,INR
,Saving Bank account 1,Food,Grocery,vegetables,285.0,Expense,INR
,Cash,Transportation,train,Local pass to Family,100.0,Expense,INR
,Cash,Transportation,auto,2 Current Residence to Place 0,30.0,Expense,INR
,Saving Bank account 1,Food,snacks,Idli 4 pcs + kachori 4 pcs,93.0,Expense,INR
,Saving Bank account 1,Household,Kirana,Supermart,514.0,Expense,INR
,Cash,Health,Medicine,V-wash,45.0,Expense,INR
,Saving Bank account 1,Transportation,Travels,2 Place 1 to Place 2 - Novelty tour and travels,1440.0,Expense,INR
,Cash,Food,flour mill,M D sure 4kg atta,196.0,Expense,INR
,Cash,Other,Unknown,Pant chain repair,20.0,Expense,INR
,Saving Bank account 1,Food,snacks,Sweet bread cake 90 + veg puff 2,140.0,Expense,INR
,Cash,Education,Stationary,Print outs+ Xerox,50.0,Expense,INR
,Saving Bank account 1,Food,Ice cream,4 cups (2 Vanilla 2 tutifruity),40.0,Expense,INR
,Saving Bank account 1,Other,Unknown,clock cell,15.0,Expense,INR
,Saving Bank account 1,subscription,Newspaper,No Description,170.0,Expense,INR
,Cash,maid,Unknown,No Description,820.0,Expense,INR
2017-08-31 16:31:29,Saving Bank account 2,Other,Unknown,Sms charges + GST,17.7,Expense,INR
2017-08-31 10:23:19,Cash,Household,Toiletries,Odonil,60.0,Expense,INR
2017-08-31 10:22:22,Cash,Household,Kirana,Honey small bottle,10.0,Expense,INR
2017-08-31 10:22:07,Cash,Household,Kirana,Janeyu,5.0,Expense,INR
2017-08-31 10:21:37,Cash,Household,Kirana,Nariyal,25.0,Expense,INR
2017-08-31 06:56:51,Saving Bank account 1,Gpay Reward,Unknown,No Description,5.0,Income,INR
2017-08-31 06:56:39,Saving Bank account 1,Gpay Reward,Unknown,No Description,14.0,Income,INR
2017-08-31 06:56:17,Saving Bank account 1,Food,Milk,1.5 lit milk ,99.0,Expense,INR
2017-08-30 21:59:50,Saving Bank account 1,Health,Medicine,5 Meftal spas,22.0,Expense,INR
2017-08-30 18:55:32,Saving Bank account 1,Salary,Unknown,From workplace ,61578.0,Income,INR
2017-08-29 12:03:54,Cash,Transportation,Taxi,Ola cab - Domestic airport T1 to Current Residence,640.0,Expense,INR
2017-08-28 12:06:47,Cash,Tourism,Trip,Misc expense,200.0,Expense,INR
2017-08-28 12:06:47,Cash,Food,snacks,2 chips packets,20.0,Expense,INR
2017-08-27 04:44:32,Cash,Tourism,Trip,Misc expense,100.0,Expense,INR
2017-08-27 04:44:32,Cash,Health,Medicine,Vicks inhaler,59.0,Expense,INR
2017-08-27 04:44:32,Cash,Transportation,auto,market to resort,200.0,Expense,INR
2017-08-26 22:17:11,Cash,Food,breakfast,Parle G chota pack,5.0,Expense,INR
2017-08-26 07:46:28,Saving Bank account 1,Maturity amount,Unknown,FD matured,61754.0,Income,INR
2017-08-25 05:51:28,Cash,Health,Medicine,strepsils 13 pills,39.0,Expense,INR
2017-08-24 22:31:56,Cash,Transportation,auto,Auto : Mahal to hotel,40.0,Expense,INR
2017-08-24 22:31:56,Credit Card,Food,Eating out,roof top lounge  (200 french fries + 100 masala tea)+15 GST + 10 Tip,325.0,Expense,INR
2017-08-24 16:09:59,Credit Card,Household,home decor,2 Bedsheets (1500 each),3000.0,Expense,INR
2017-08-24 16:09:05,Credit Card,Apparel,Clothing,Jaipuri handprinted Maharani Saree (1850 Two pcs + 1500 1 pc),5200.0,Expense,INR
2017-08-23 14:08:23,Cash,Food,Lunch,180 Chicken Sandwich + 120 vada pav & Samosa,300.0,Expense,INR
2017-08-23 14:07:44,Cash,Transportation,Taxi,Ola cab - Current Residence to Domestic airport T1,850.0,Expense,INR
2017-08-22 16:11:00,Cash,Family,Pocket money,No Description,5000.0,Expense,INR
2017-08-22 16:11:00,Cash,Household,Kitchen,Mahanagar Gas connection installation,300.0,Expense,INR
2017-08-21 18:02:58,Saving Bank account 1,Household,Appliances,Selfie stick Bluetooth tripod,280.0,Expense,INR
2017-08-21 18:02:12,Saving Bank account 1,Beauty,grooming,Shaving,50.0,Expense,INR
2017-08-21 11:59:10,Saving Bank account 1,Food,Grocery,1.5 kg onions,33.0,Expense,INR
2017-08-21 11:58:05,Saving Bank account 1,Beauty,Accessories,Lens cleaner,80.0,Expense,INR
2017-08-21 11:52:41,Saving Bank account 1,Education,Stationary,15 fevistick + 12 xerox2 & print2,27.0,Expense,INR
2017-08-20 21:01:24,Credit Card,Food,Ice cream,Baskin Robbins,166.0,Expense,INR
2017-08-20 21:00:13,Credit Card,Food,Lunch,280 chicken dum biryani+ 200 paneer tikka laziz + GST,504.0,Expense,INR
2017-08-20 20:59:43,Cash,Transportation,auto,BKC to kurla station,60.0,Expense,INR
2017-08-20 20:58:50,Saving Bank account 1,Transportation,Taxi,Ola cab - siddhivinayak to BKC,361.0,Expense,INR
2017-08-20 20:58:05,Cash,Transportation,Taxi,Dadar West to siddhivinayak,25.0,Expense,INR
2017-08-20 20:57:31,Cash,Transportation,Train,2 Place 0 to dadar return,60.0,Expense,INR
2017-08-20 20:57:08,Cash,Transportation,auto,2 Current Residence to Place 0,30.0,Expense,INR
2017-08-20 09:37:13,Cash,Apparel,Laundry,clothes ironing : Rs 6 per item,48.0,Expense,INR
2017-08-20 00:08:12,Credit Card,Other,Unknown,Mobile cover moto G5 plus,239.0,Expense,INR
2017-08-20 00:07:49,Credit Card,Household,Furniture,Foldable wardrobe,569.0,Expense,INR
2017-08-19 11:50:16,Cash,Household,Appliances,2 locks for bags,60.0,Expense,INR
2017-08-19 11:49:46,Cash,Household,Kirana,Colgate max fresh small,20.0,Expense,INR
2017-08-19 11:49:24,Cash,Household,Kirana,Dettol sanitizer,45.0,Expense,INR
2017-08-19 11:48:49,Saving Bank account 1,subscription,Tata Sky,Current Residence - Tata Play recharge,217.0,Expense,INR
2017-08-18 15:33:07,Cash,Family,Pocket money,No Description,100.0,Expense,INR
2017-08-17 23:22:21,Cash,maid,Unknown,No Description,1020.0,Expense,INR
2017-08-17 19:38:57,Cash,Household,Kirana,Sugar 1kg Rs.55 + shengdana Rs.33,88.0,Expense,INR
2017-08-17 19:36:33,Cash,Food,snacks,2 Bhaji pav + 1 vadapav,45.0,Expense,INR
2017-08-15 19:36:01,Credit Card,Household,Appliances,Wifi Router TP link,1400.0,Expense,INR
2017-08-15 12:51:45,Saving Bank account 1,Food,Milk,1.5 lit milk ,99.0,Expense,INR
2017-08-14 20:03:33,Credit Card,Household,Appliances,Steam machine,320.0,Expense,INR
2017-08-14 11:44:04,Credit Card,Household,Kirana,Biscuits+ onions,112.0,Expense,INR
,Cash,Festivals,Navratri,Ganpati+ navratri vargani,800.0,Expense,INR
,Saving Bank account 1,Transportation,Travels,2 Place 2 to Place 1 - Shree Sharma Travels,1665.0,Expense,INR
,Cash,Gift,Unknown,Rakshabandhan ovalini,500.0,Expense,INR
,Cash,Transportation,Bus,2 CD to Place 1: shivshahi,470.0,Expense,INR
,Cash,Transportation,auto,within city,100.0,Expense,INR
,Cash,Transportation,Bus,2 Place 1 to VN,330.0,Expense,INR
,Saving Bank account 1,Household,Kirana,Dahi (42) + Vanilla essance (34),76.0,Expense,INR
,Saving Bank account 1,Gpay Reward,Unknown,No Description,3.0,Income,INR
,Saving Bank account 1,Household,Toiletries,Dettol liquid handwash refill,218.0,Expense,INR
,Saving Bank account 1,Health,Medicine,Move jel,125.0,Expense,INR
,Saving Bank account 1,Tourism,Trip,Tours and Travel,43000.0,Expense,INR
,Saving Bank account 1,Family,Pocket money,No Description,5000.0,Expense,INR
,Saving Bank account 1,Food,Milk,Half lit  milk,33.0,Expense,INR
,Cash,Health,Medicine,Vicks VapoRub,22.0,Expense,INR
,Cash,Household,Kirana,No Description,302.0,Expense,INR
,Saving Bank account 1,Food,breakfast,krack Jack biscuits,5.0,Expense,INR
,Saving Bank account 1,Food,Lunch,5 chapati,25.0,Expense,INR
,Credit Card,Gift,Unknown,Purse on occasion of Rakshabandhan,909.0,Expense,INR
,Credit Card,Gift,Unknown,Purse on occasion of Rakshabandhan,1145.0,Expense,INR
,Credit Card,Apparel,Clothing,Family's dresses,989.0,Expense,INR
,Saving Bank account 1,Health,Medicine,Cinarest,27.0,Expense,INR
,Cash,Family,Pocket money,Change,100.0,Expense,INR
,Saving Bank account 1,Health,Hospital,Medical tests - Family,6190.0,Expense,INR
,Saving Bank account 1,Gpay Reward,Unknown,No Description,11.0,Income,INR
,Saving Bank account 1,subscription,Mobile Service Provider,Family Mobile Service Provider recharge,2999.0,Expense,INR
,Saving Bank account 1,Food,Milk,milk 1lit ,68.0,Expense,INR
,Saving Bank account 1,Food,snacks,Maggie 1 pck,14.0,Expense,INR
,Saving Bank account 1,Apparel,Clothing,Myntra - tshirt+ denim shorts,399.0,Expense,INR
,Cash,Health,Medicine,4 paracetamol tablets,10.0,Expense,INR
2017-07-31 21:14:52,Saving Bank account 1,Food,Dinner,Catering Service:Chicken masala (90)+2 chapati (10),100.0,Expense,INR
2017-07-31 12:12:39,Cash,Transportation,auto,ola auto - Current Residence to McD,65.0,Expense,INR
2017-07-31 09:51:59,Saving Bank account 1,Food,Eggs,4 eggs,22.0,Expense,INR
2017-07-30 21:33:27,Saving Bank account 1,Gpay Reward,Unknown,No Description,6.0,Income,INR
2017-07-30 21:33:27,Cash,Food,Grocery,Dahi 2 packets,20.0,Expense,INR
2017-07-30 21:33:27,Saving Bank account 1,Transportation,Travels,2 Neeta travels : Place A to pune,895.0,Expense,INR
2017-07-30 15:38:49,Cash,Household,Appliances,Laptop repair,1000.0,Expense,INR
2017-07-30 15:36:42,Saving Bank account 1,Household,Appliances,Laptop repair ( 128gb SSD rs 2200+ 500gb HDD Rs.1800 + Msoffice+ windows),3000.0,Expense,INR
2017-07-30 14:20:18,Cash,Food,snacks,Chicken roll kasha,100.0,Expense,INR
2017-07-30 14:19:42,Cash,Transportation,Train,Place 0 to Place 4 return,20.0,Expense,INR
2017-07-30 07:48:51,Saving Bank account 1,Salary,Unknown,From workplace ,61578.0,Income,INR
2017-07-29 13:30:49,Saving Bank account 1,Food,Milk,milk 1lit ,64.0,Expense,INR
2017-07-29 13:30:49,Credit Card,Health,Medicine,Hospital consultation,556.0,Expense,INR
2017-07-29 09:48:55,Saving Bank account 1,Transportation,auto,ola auto - Current Residence to hospital Place 6,97.0,Expense,INR
2017-07-28 16:20:14,Cash,Transportation,auto,2 Place 0 to Current Residence,30.0,Expense,INR
2017-07-28 15:25:34,Credit Card,Health,Medicine,Hospital consultation,167.0,Expense,INR
2017-07-28 11:31:24,Credit Card,Health,Hospital,Hospital consultation,3050.0,Expense,INR
2017-07-28 11:31:02,Cash,Transportation,Train,2 Place 0 to Place 6 return,20.0,Expense,INR
2017-07-28 11:30:45,Cash,Transportation,auto,2 Current Residence to Place 0,30.0,Expense,INR
2017-07-27 20:33:23,Credit Card,Food,Dinner,Non veg overloaded pizza,215.0,Expense,INR
2017-07-27 20:05:23,Credit Card,Food,Lunch,Chicken lollypop 4 pcs,203.0,Expense,INR
2017-07-27 06:05:30,Cash,Household,Appliances,Distilled water refill Inverter (Rs.100 given by Family),200.0,Expense,INR
2017-07-27 05:40:08,Recurring Deposit,Maturity amount,Unknown,RD2 matured,40326.0,Income,INR
2017-07-27 05:39:02,Recurring Deposit,Maturity amount,Unknown,RD1 matured,40326.0,Income,INR
2017-07-26 19:31:06,Saving Bank account 1,Tax refund,Unknown,No Description,19350.0,Income,INR
2017-07-25 19:31:06,Saving Bank account 1,Tourism,Trip,Tours and Travel,20000.0,Expense,INR
2017-07-24 21:52:22,Credit Card,Food,snacks,Garlic bread + periperi masala fries,248.0,Expense,INR
2017-07-24 10:04:20,Saving Bank account 1,Food,Eggs,4 eggs,22.0,Expense,INR
2017-07-24 10:03:43,Saving Bank account 1,Food,Milk,milk 1lit ,64.0,Expense,INR
2017-07-23 16:02:41,Cash,Household,Appliances,For tata sky installation (100 rs given by Family ),200.0,Expense,INR
2017-07-23 15:57:31,Saving Bank account 1,Household,Appliances,Tata sky STB (1299)+ 1 month recharge (226)+ extra wire 45meters(540),2065.0,Expense,INR
2017-07-23 12:30:28,Saving Bank account 1,Food,Grocery,Amul butter,52.0,Expense,INR
2017-07-22 14:55:35,Saving Bank account 1,Food,Milk,milk 1lit ,64.0,Expense,INR
2017-07-21 13:36:14,Saving Bank account 1,Equity Mutual Fund C,Unknown,No Description,1000.0,Transfer-Out,INR
2017-07-21 13:16:01,Saving Bank account 1,Other,Unknown,CA  - income tax filing,1000.0,Expense,INR
2017-07-21 08:46:09,Saving Bank account 1,Food,Milk,Half lit  milk,33.0,Expense,INR
2017-07-20 19:32:11,Saving Bank account 1,Food,Grocery,No Description,88.0,Expense,INR
2017-07-20 19:31:37,Cash,Food,snacks,Puri packet of 50 pcs,50.0,Expense,INR
2017-07-20 15:14:48,Credit Card,subscription,Mobile Service Provider,Annual recharge,2545.0,Expense,INR
2017-07-20 12:03:16,Saving Bank account 1,Food,Milk,Half lit  milk,32.0,Expense,INR
2017-07-19 08:44:38,Saving Bank account 1,Food,Eggs,4 eggs,22.0,Expense,INR
2017-07-19 08:44:20,Saving Bank account 1,Food,Milk,Half lit  milk,32.0,Expense,INR
2017-07-18 21:44:59,Saving Bank account 1,Food,beverage,Thumbs up 250ml,20.0,Expense,INR
2017-07-18 21:44:29,Saving Bank account 1,Food,Water,5 litres can,70.0,Expense,INR
2017-07-18 21:02:27,Cash,Food,flour mill,Gehu 3 kg Rs21 + bajari 1kg Rs 7 + dal 1.5 kg Rs15,43.0,Expense,INR
2017-07-18 21:00:34,Saving Bank account 1,Food,Grocery,potato 1kg,35.0,Expense,INR
2017-07-18 20:59:33,Saving Bank account 1,Household,Hardware,Pakad,240.0,Expense,INR
2017-07-18 20:58:55,Saving Bank account 1,Household,Hardware,Umbrella,540.0,Expense,INR
2017-07-18 20:58:13,Cash,Other,Unknown,Hari oil depo coupon,25.0,Income,INR
2017-07-18 20:55:35,Cash,Food,Grocery,onion 2.5 kg,55.0,Expense,INR
2017-07-17 22:16:39,Cash,Transportation,auto,2 Place 0 to Current Residence,30.0,Expense,INR
2017-07-17 22:16:02,Saving Bank account 1,Apparel,Laundry,9 clothes ironing,63.0,Expense,INR
2017-07-17 16:53:08,Saving Bank account 1,Food,beverage,Lemon tea,60.0,Expense,INR
2017-07-17 16:21:41,Credit Card,Food,Lunch,1 dal makhani rice(200)+ 1 chicken tikka rice(220)+chocolate pastry (120),540.0,Expense,INR
2017-07-17 12:58:38,Saving Bank account 1,Transportation,Train,2 Place 0 to TB returns,40.0,Expense,INR
2017-07-15 19:01:54,Saving Bank account 1,Food,snacks,Gupta bhel,25.0,Expense,INR
2017-07-15 13:07:28,Saving Bank account 1,Food,Milk,Half lit  milk,32.0,Expense,INR
2017-07-14 20:01:33,Saving Bank account 1,Food,Ice cream,chocobar,15.0,Expense,INR
,Saving Bank account 1,Gpay Reward,Unknown,reward Gpay,6.0,Income,INR
,Saving Bank account 1,Equity Mutual Fund B,Unknown,No Description,100000.0,Transfer-Out,INR
,Saving Bank account 1,Gift,Unknown,farewell contribution,500.0,Expense,INR
,Saving Bank account 1,Food,Milk,milk 1lit ,64.0,Expense,INR
,Saving Bank account 1,Education,Stationary,Black Ball pen,10.0,Expense,INR
,Saving Bank account 1,Other,Unknown,Gift from inlaws,20000.0,Income,INR
,Cash,Family,Pocket money,No Description,1500.0,Expense,INR
,Saving Bank account 1,Food,Rajgira ladu,2 packets,50.0,Expense,INR
,Credit Card,Household,Kirana,No Description,2923.0,Expense,INR
,Saving Bank account 1,Food,beverage,sugarcane juice,20.0,Expense,INR
,Saving Bank account 1,Food,snacks,Vadapav,20.0,Expense,INR
,Saving Bank account 1,Transportation,Bus,2 Place 3m to Mumbai vidyapeeth,12.0,Expense,INR
,Saving Bank account 1,Transportation,Train,2 Place 0 to Place 3 returns,80.0,Expense,INR
,Saving Bank account 1,Transportation,auto,2 Current Residence to Place 0,30.0,Expense,INR
,Saving Bank account 1,Food,Grocery,Pizza base packet - Patil dairy,30.0,Expense,INR
,Saving Bank account 1,Food,Eggs,4 eggs,26.0,Expense,INR
,Saving Bank account 1,Equity Mutual Fund E,Unknown,Lumpsum,50000.0,Transfer-Out,INR
,Saving Bank account 1,Food,Dinner,Paneer mutter Rs.90+ 5 chapati Rs.25,115.0,Expense,INR
,Saving Bank account 1,Food,Grocery,2 Kg Onion 30/kg + 1 kg Potato 30/kg + Parle Biscuit Rs 10,100.0,Expense,INR
,Saving Bank account 1,Food,Dinner,veg fried rice 1 full,180.0,Expense,INR
,Saving Bank account 1,Equity Mutual Fund A,Unknown,Lumpsum,50000.0,Transfer-Out,INR
,Saving Bank account 1,Equity Mutual Fund F,Unknown,Lumpsum,50000.0,Transfer-Out,INR
,Saving Bank account 1,Food,Lunch,Catering Service (1 bhaji 30 + 3 chapti 15),45.0,Expense,INR
,Saving Bank account 1,Food,Grocery,Dalich peeth pav kg,25.0,Expense,INR
,Saving Bank account 1,Transportation,auto,Place 1 bridge to Current Residence 2 seats,60.0,Expense,INR
,Saving Bank account 1,Other,Unknown,Devi Temple,5.0,Expense,INR
,Saving Bank account 1,Food,Ice cream,7 mava kulfie,140.0,Expense,INR
,Saving Bank account 1,Saving Bank account 2,Unknown,No Description,100.0,Transfer-Out,INR
,Saving Bank account 1,Transportation,Travels,2 Place 2 to Place 1 - Shree Sharma Travels,1711.0,Expense,INR
2017-06-30 08:43:56,Saving Bank account 1,Gift,Unknown,Forrest essential perfume,4800.0,Expense,INR
2017-06-30 07:57:06,Saving Bank account 1,Interest,Unknown,interest paid,870.0,Income,INR
2017-06-30 07:57:44,Saving Bank account 1,Salary,Unknown,From workplace ,56957.0,Income,INR
2017-06-29 19:49:10,Saving Bank account 1,Beauty,grooming,Shaving,60.0,Expense,INR
2017-06-29 07:48:30,Cash,Transportation,auto,Place 2 station to hospital 2 seat,50.0,Expense,INR
2017-06-28 22:51:12,Cash,Transportation,Train,2 Place 0 to tilaknagar single side,30.0,Expense,INR
2017-06-28 22:50:55,Cash,Transportation,auto,2 Current Residence to Place 0,30.0,Expense,INR
2017-06-28 13:34:41,Saving Bank account 1,Food,Lunch,Chicken lollypop 4 pcs,186.5,Expense,INR
2017-06-28 10:19:28,Saving Bank account 1,Food,Grocery,5rs mirchi + crack-jack,15.0,Expense,INR
2017-06-28 09:41:39,Saving Bank account 1,Family,Pocket money,No Description,1500.0,Expense,INR
2017-06-28 09:18:53,Cash,maid,Unknown,House Cleaning + washing utensils,2000.0,Expense,INR
2017-06-27 10:04:24,Saving Bank account 1,Recurring Deposit,Unknown,New RD opened for 3 years,1000.0,Transfer-Out,INR
2017-06-27 10:00:50,Saving Bank account 1,Fixed Deposit,Unknown,New FD opened for 3 years,200000.0,Transfer-Out,INR
2017-06-27 09:32:15,Cash,Health,Medicine,Cough-sills 4 pcs,12.0,Expense,INR
2017-06-26 11:38:42,Saving Bank account 1,Food,snacks,2 kachori,24.0,Expense,INR
2017-06-26 11:38:23,Saving Bank account 1,Food,Grocery,Dahi 2 packets,20.0,Expense,INR
2017-06-26 11:38:08,Saving Bank account 1,Food,Milk,milk 1lit ,64.0,Expense,INR
2017-06-25 13:38:59,Cash,Transportation,Train,Place 0 to WS return,10.0,Expense,INR
2017-06-24 09:11:16,Saving Bank account 1,Food,Milk,milk 1lit ,64.0,Expense,INR
2017-06-23 09:52:10,Saving Bank account 1,Food,Grocery,Shengdane pav kg,35.0,Expense,INR
2017-06-23 09:52:10,Saving Bank account 1,Other,Unknown,Credit Card fee,590.0,Expense,INR
2017-06-22 23:26:41,Saving Bank account 1,Food,Milk,milk 1lit ,64.0,Expense,INR
2017-06-22 23:05:45,Saving Bank account 1,Gift,Unknown,Forrest essential after shave,1595.0,Expense,INR
2017-06-22 23:04:54,Saving Bank account 1,Food,Eating out,Taco Bell veg combo,261.0,Expense,INR
2017-06-22 23:03:08,Cash,Transportation,train,2 Place 0 to WS returns,20.0,Expense,INR
2017-06-22 23:02:07,Cash,Transportation,auto,2 Current Residence to Place 0,30.0,Expense,INR
2017-06-20 21:08:28,Saving Bank account 1,Gift,Unknown,Cupcake mould,250.0,Expense,INR
2017-06-19 10:19:53,Saving Bank account 1,Food,Grocery,Shev bhaji sev pav kg,60.0,Expense,INR
2017-06-19 10:19:53,Cash,Food,flour mill,M D sure 3kg atta,141.0,Expense,INR
2017-06-19 10:19:53,Saving Bank account 1,Food,Grocery,Amul malai paneer pav kg,80.0,Expense,INR
2017-06-19 10:19:33,Saving Bank account 1,Food,breakfast,Bread,18.0,Expense,INR
2017-06-19 10:19:14,Saving Bank account 1,Food,Milk,milk 1lit ,64.0,Expense,INR
2017-06-18 20:01:48,Cash,Transportation,Bus,H to kala circle,12.0,Expense,INR
2017-06-18 20:01:09,Cash,Transportation,Bus,Kala circle to H,15.0,Expense,INR
2017-06-17 10:25:13,Saving Bank account 1,Food,Milk,milk 1lit ,64.0,Expense,INR
2017-06-16 23:18:37,Saving Bank account 1,Gift,Unknown,Jeff kellar's winning attitude,137.0,Expense,INR
2017-06-16 19:03:15,Saving Bank account 1,Food,Milk,milk 1lit ,64.0,Expense,INR
2017-06-15 19:01:47,Saving Bank account 1,Other,Unknown,Courier,50.0,Expense,INR
2017-06-15 19:01:47,Saving Bank account 1,Education,Stationary,Print outs 3 + Xerox 16 + envelope 10,29.0,Expense,INR
2017-06-13 20:06:49,Saving Bank account 1,Food,Milk,milk 1lit ,64.0,Expense,INR
,Saving Bank account 1,Beauty,grooming,hair cut,100.0,Expense,INR
,Saving Bank account 1,Health,Medicine,Covaxin booster dose,386.0,Expense,INR
,Saving Bank account 1,Transportation,train,2 Kushinagar express (LTT to Place 2),501.0,Expense,INR
,Saving Bank account 1,subscription,Newspaper,TOI,170.0,Expense,INR
,Cash,Culture,Movie,2 tickets - Cinepolis 4DX 3D,760.0,Expense,INR
,Saving Bank account 1,Food,breakfast,Bread,35.0,Expense,INR
,Saving Bank account 1,Food,Eggs,6 pcs,35.0,Expense,INR
,Cash,Household,Kitchen,Sanjori mould,26.0,Expense,INR
,Cash,Education,Stationary,Print out,3.0,Expense,INR
,Cash,Food,snacks,2 Veg puff,40.0,Expense,INR
,Cash,Food,Dinner,Chicken Biryani 120+ dal rice 60,180.0,Expense,INR
,Cash,Food,chocolate,2 Cadbury dairy milk,20.0,Expense,INR
,Cash,Health,Medicine,3 Sinarest,18.0,Expense,INR
,Saving Bank account 1,Health,Medicine,Sofy antibacterial,190.0,Expense,INR
,Saving Bank account 1,Food,vegetables,Pav kg Simla mirch 20 + Hari mirch 5,25.0,Expense,INR
,Saving Bank account 1,Household,Kirana,Supermart,267.0,Expense,INR
,Saving Bank account 1,Food,Lunch,Non veg overloaded pizza,242.95,Expense,INR
,Saving Bank account 1,subscription,Edtech Course,No Description,2700.1,Expense,INR
,Saving Bank account 1,Food,flour mill,M D sure 3kg atta,141.0,Expense,INR
,Saving Bank account 1,Food,snacks,2 kachori,24.0,Expense,INR
,Saving Bank account 1,Food,Milk,milk 1lit ,65.0,Expense,INR
,Cash,maid,Unknown,No Description,1000.0,Expense,INR
2017-05-31 20:47:17,Saving Bank account 1,Apparel,Clothing,undergarments pair of Jockey,655.0,Expense,INR
2017-05-31 10:25:17,Saving Bank account 1,Salary,Unknown,From workplace ,56970.0,Income,INR
2017-05-30 19:57:58,Saving Bank account 1,Food,Dinner,5 chapati,25.0,Expense,INR
2017-05-30 19:57:58,Cash,Transportation,auto,2 Place 0 to Current Residence,30.0,Expense,INR
2017-05-30 17:04:28,Cash,Food,beverage,Slice + Pepsi,40.0,Expense,INR
2017-05-30 17:04:07,Cash,Food,Lunch,2 veg Frankie,120.0,Expense,INR
2017-05-30 17:02:53,Cash,Household,Kitchen,Crockery,275.0,Expense,INR
2017-05-30 11:35:31,Saving Bank account 1,Food,Tea,2 tea,34.0,Expense,INR
2017-05-30 09:41:31,Cash,Transportation,Train,2 Place 0 to Place P return,80.0,Expense,INR
2017-05-30 09:41:14,Cash,Transportation,auto,2 Current Residence to Place 0,30.0,Expense,INR
2017-05-29 09:25:48,Saving Bank account 1,Food,Grocery,Half kg potato + half kg banana,35.0,Expense,INR
2017-05-29 09:25:48,Cash,Education,Stationary,Xerox,30.0,Expense,INR
2017-05-29 09:25:48,Saving Bank account 1,Food,Milk,milk 1lit ,64.0,Expense,INR
2017-05-28 20:47:33,Saving Bank account 1,Household,Kirana,No Description,996.0,Expense,INR
2017-05-28 20:47:18,Saving Bank account 1,Food,snacks,2 kachori,24.0,Expense,INR
2017-05-28 19:39:31,Cash,Food,vegetables,No Description,45.0,Expense,INR
2017-05-28 19:39:11,Saving Bank account 1,Food,Grocery,Mango 1 kg,140.0,Expense,INR
2017-05-28 19:27:51,Cash,Food,Grocery,No Description,30.0,Expense,INR
2017-05-28 19:27:36,Saving Bank account 1,Food,vegetables,No Description,60.0,Expense,INR
2017-05-28 19:16:01,Saving Bank account 1,Food,breakfast,Medu vada 1 plate + dal vada 1,70.0,Expense,INR
2017-05-27 18:20:47,Saving Bank account 1,Food,Milk,milk 1lit ,64.0,Expense,INR
2017-05-27 13:21:21,Saving Bank account 1,Education,Stationary,Print outs+ Xerox,20.0,Expense,INR
2017-05-27 13:21:01,Saving Bank account 1,Food,vegetables,Pav kg tomato,20.0,Expense,INR
2017-05-25 08:47:34,Cash,Food,snacks,Ragda Puri,30.0,Expense,INR
2017-05-25 08:47:34,Cash,Transportation,Train,Place 0 to Vikhroli single,15.0,Expense,INR
2017-05-24 08:46:43,Saving Bank account 1,subscription,Cable TV,No Description,261.0,Expense,INR
2017-05-24 08:46:43,Cash,Food,snacks,Samosa pav @ kurla,15.0,Expense,INR
2017-05-24 08:46:43,Cash,Transportation,Train,Place 0 to Vikhroli return,30.0,Expense,INR
2017-05-24 08:46:32,Saving Bank account 1,Food,Milk,milk 1lit ,64.0,Expense,INR
2017-05-23 22:10:00,Saving Bank account 1,Food,snacks,Gupta bhel,25.0,Expense,INR
2017-05-23 22:09:27,Cash,Household,Kirana,Rasna orange,46.0,Expense,INR
2017-05-23 22:08:10,Saving Bank account 1,Education,Stationary,White board pen 25 + duster 50,75.0,Expense,INR
2017-05-22 17:30:12,Saving Bank account 1,Food,flour mill,M D sure 2kg atta,88.0,Expense,INR
2017-05-22 17:29:38,Saving Bank account 1,Household,Appliances,3 pin Holder,50.0,Expense,INR
2017-05-22 09:55:12,Saving Bank account 1,Food,beverage,Coke 750ml,40.0,Expense,INR
2017-05-22 09:44:08,Saving Bank account 1,Food,beverage,sugarcane juice,15.0,Expense,INR
2017-05-21 15:34:55,Cash,Transportation,Train,2 Place 0 to Place 4 return,30.0,Expense,INR
2017-05-21 15:33:51,Cash,Transportation,auto,2 Current Residence to Place 0,30.0,Expense,INR
2017-05-21 15:26:54,Cash,Food,flour mill,3 kg ( 2kg bajari Rs 7 each + 1kg gahu & maka mix Rs.10),24.0,Expense,INR
2017-05-21 09:40:52,Cash,Transportation,auto,Decathlon to station,20.0,Expense,INR
,Saving Bank account 1,subscription,Cable TV,Monthly recharge,261.0,Expense,INR
2017-05-18 16:11:48,Saving Bank account 1,Food,Dinner,pav bhaji + 5 pav extra,219.0,Expense,INR
2017-05-18 16:11:48,Cash,Food,Tea,No Description,10.0,Expense,INR
2017-05-18 16:11:26,Saving Bank account 1,Food,vegetables,No Description,60.0,Expense,INR
2017-05-18 16:11:08,Saving Bank account 1,Food,Lunch,Bhai poli,45.0,Expense,INR
2017-05-18 11:06:52,Saving Bank account 1,Food,breakfast,Poha,25.0,Expense,INR
2017-05-18 11:06:30,Cash,Beauty,grooming,Shaving,50.0,Expense,INR
2017-05-18 11:06:19,Saving Bank account 1,Food,Milk,milk 1lit ,64.0,Expense,INR
2017-05-18 11:06:06,Cash,Food,Tea,No Description,10.0,Expense,INR
2017-05-17 14:12:16,Cash,Food,Tea,No Description,5.0,Expense,INR
2017-05-17 14:12:16,Saving Bank account 1,Food,Ice cream,Vanila family pack,99.0,Expense,INR
2017-05-17 14:12:16,Saving Bank account 1,Food,Lunch,Full egg fried rice 100 + Manchurian dry 100,210.0,Expense,INR
2017-05-17 10:27:35,Cash,Food,Tea,No Description,10.0,Expense,INR
2017-05-16 19:10:09,Cash,Food,Tea,No Description,10.0,Expense,INR
2017-05-16 14:39:07,Saving Bank account 1,Beauty,grooming,Razor Blade,247.0,Expense,INR
2017-05-16 13:22:48,Saving Bank account 1,Food,Lunch,Non veg combo meal,234.0,Expense,INR
2017-05-16 13:11:02,Cash,Food,Tea,No Description,5.0,Expense,INR
2017-05-15 20:42:20,Saving Bank account 1,subscription,Newspaper,March 210 + April 170,380.0,Expense,INR
2017-05-15 19:28:42,Cash,Food,Dinner,Veg cheese grill sandwich,100.0,Expense,INR
2017-05-15 19:28:22,Saving Bank account 1,Food,breakfast,Poha 25+ tea 10,35.0,Expense,INR
2017-05-14 20:06:03,Saving Bank account 1,Household,Kirana,Shev bhaji sev,50.0,Expense,INR
2017-05-14 14:21:59,Saving Bank account 1,Food,Lunch,Non veg overloaded pizza,242.0,Expense,INR
2017-05-13 20:51:02,Saving Bank account 1,Food,Dinner,Non veg overloaded pizza,242.0,Expense,INR
2017-05-13 18:02:21,Cash,Food,Tea,No Description,10.0,Expense,INR
2017-05-13 18:02:10,Saving Bank account 1,Food,Lunch,4 chapati,20.0,Expense,INR
2017-05-13 10:43:50,Cash,Food,Tea,No Description,5.0,Expense,INR
2017-05-13 10:43:17,Saving Bank account 1,Food,breakfast,Medu vada 1 plate,35.0,Expense,INR
,Cash,Food,Tea,No Description,10.0,Expense,INR
,Saving Bank account 1,Food,Lunch,4 chapati,20.0,Expense,INR
,Saving Bank account 1,Food,Lunch,Full egg fried rice 100 + chicken lollypop 4 pcs 130,233.0,Expense,INR
,Saving Bank account 1,subscription,Tata Sky,No Description,230.0,Expense,INR
,Saving Bank account 1,Beauty,grooming,Body hair removal cream,318.0,Expense,INR
,Saving Bank account 1,Education,Stationary,Courier,100.0,Expense,INR
,Saving Bank account 1,Education,Stationary,Xerox,12.0,Expense,INR
,Saving Bank account 1,Education,Stationary,2 envelope,24.0,Expense,INR
,Saving Bank account 1,Food,Dinner,4 chapati,20.0,Expense,INR
,Cash,Food,snacks,Sweet bread cake 85 + veg puff 2,125.0,Expense,INR
,Saving Bank account 1,Food,Lunch,Dudhi 30 + 3 chapati,45.0,Expense,INR
,Saving Bank account 1,Food,breakfast,Tea + 2 kachori,34.0,Expense,INR
,Cash,Food,Ice cream,Cornetto butterscotch,40.0,Expense,INR
,Saving Bank account 1,Food,Lunch,Chana masala 30 + 3 chapati,45.0,Expense,INR
,Saving Bank account 1,Food,Dinner,Egg fry + chicken lollypop,191.0,Expense,INR
,Saving Bank account 1,Food,breakfast,Poha 25+ tea 10,35.0,Expense,INR
,Saving Bank account 1,Food,Dinner,Aloo mutter sabji,30.0,Expense,INR
,Saving Bank account 1,Food,snacks,Chicken manchow soup,98.0,Expense,INR
,Saving Bank account 1,subscription,Mobile Service Provider,No daily limit plan ( 25 GB 30 days),296.0,Expense,INR
,Saving Bank account 1,Food,breakfast,Double omlet pav + tea,45.0,Expense,INR
,Cash,Food,Dinner,5 chapati,25.0,Expense,INR
,Cash,Food,snacks,Veg puff,20.0,Expense,INR
,Saving Bank account 1,Food,Lunch,Paneer masala + hara bhara kabab 6 pcs,330.0,Expense,INR
,Saving Bank account 1,Food,Dinner,Bhendi masala 30 + 3 chapati,45.0,Expense,INR
,Cash,Food,beverage,sugarcane juice,20.0,Expense,INR
,Saving Bank account 1,Food,breakfast,Bread,33.0,Expense,INR
,Cash,Transportation,Train,40 Place 0 to Place 3 return+ 20 single,60.0,Expense,INR
,Cash,Transportation,Train,Place 0 to Place 6 return,10.0,Expense,INR
,Saving Bank account 1,Household,Kitchen,Gas stove elica 3 burner,8825.0,Expense,INR
,Saving Bank account 1,Gift,Unknown,Decathlon shoes,1811.0,Expense,INR
,Cash,Transportation,train,Place 3 to Place 2 sevagram,1100.0,Expense,INR
,Saving Bank account 1,Health,Medicine,Q-dee strip,40.0,Expense,INR
,Saving Bank account 1,Apparel,Footwear,Puma Troy mu running shoes,2421.0,Expense,INR
,Saving Bank account 1,Food,Tea,2 cups,20.0,Expense,INR
,Saving Bank account 1,Food,Dinner,2 Fried rice,321.0,Expense,INR
,Cash,Transportation,Train,2 Place 0 to WS single,10.0,Expense,INR
,Saving Bank account 1,Apparel,Clothing,Shorts for Family,399.0,Expense,INR
,Saving Bank account 1,Apparel,Clothing,H&M Tshirt for Family,599.0,Expense,INR
,Saving Bank account 1,Other,Unknown,To savings account,100.0,Expense,INR
,Saving Bank account 1,Food,flour mill,M D sure 1kg atta,47.0,Expense,INR
,Saving Bank account 1,Money transfer,Unknown,No Description,10000.0,Expense,INR
2017-04-30 23:04:01,Saving Bank account 1,Food,Ice cream,chocobar,10.0,Expense,INR
2017-04-30 21:08:58,Saving Bank account 1,Salary,Unknown,From workplace ,56957.0,Income,INR
2017-04-30 21:03:55,Cash,Transportation,auto,2 Place 0 to Current Residence,30.0,Expense,INR
2017-04-30 21:03:30,Cash,Food,fruits,6 bananas,25.0,Expense,INR
2017-04-30 21:02:52,Saving Bank account 1,Food,Dinner,Chicken lollypop 8 pcs,221.0,Expense,INR
2017-04-30 19:53:16,Cash,Food,snacks,2 Pani Puri+ 1 samosa chat,110.0,Expense,INR
2017-04-30 08:32:12,Saving Bank account 1,Food,Grocery,Chota bread,17.0,Expense,INR
2017-04-30 08:31:52,Saving Bank account 1,Food,Milk,milk 1lit ,64.0,Expense,INR
2017-04-28 11:17:49,Saving Bank account 1,Food,Ice cream,Cup of butterscotch (20) + chocobar (10),30.0,Expense,INR
2017-04-28 11:17:49,Saving Bank account 1,subscription,Netflix,1 month subscription,149.0,Expense,INR
2017-04-27 09:35:41,Saving Bank account 1,Food,Milk,milk 1lit ,64.0,Expense,INR
2017-04-26 11:25:09,Saving Bank account 1,Gift,Unknown,farewell contribution,385.0,Expense,INR
2017-04-25 10:30:36,Saving Bank account 1,Food,snacks,2 kachori,24.0,Expense,INR
2017-04-25 09:21:54,Cash,Transportation,auto,Place 6 station to college,10.0,Expense,INR
2017-04-25 09:21:21,Cash,Transportation,Train,2 Place 0 to Place 6 return,20.0,Expense,INR
2017-04-25 09:21:02,Cash,Transportation,auto,2 Current Residence to Place 0,30.0,Expense,INR
2017-04-25 09:20:48,Saving Bank account 1,Food,Milk,milk 1lit ,64.0,Expense,INR
2017-04-24 23:51:40,Saving Bank account 1,Other,Unknown,Family's Wristwatch repair,170.0,Expense,INR
2017-04-23 23:52:40,Saving Bank account 1,Food,vegetables,Ladyfinger pav kg,15.0,Expense,INR
2017-04-23 23:52:40,Saving Bank account 1,Food,snacks,2 Veg puff,40.0,Expense,INR
2017-04-22 09:06:19,Saving Bank account 1,Food,beverage,sugarcane juice,20.0,Expense,INR
2017-04-22 09:06:19,Saving Bank account 1,Transportation,Train,Place 0 to Vikhroli return,30.0,Expense,INR
2017-04-22 07:26:43,Saving Bank account 1,Food,Grocery,milk 1 lit (64) + paneer (75) + bread (30) + 6 eggs (36),205.0,Expense,INR
2017-04-21 20:26:04,Saving Bank account 1,Health,Medicine,Q-dee strip,40.0,Expense,INR
2017-04-20 20:42:02,Saving Bank account 1,Household,Kirana,Smart point,621.68,Expense,INR
2017-04-20 14:03:33,Saving Bank account 1,Food,Milk,milk 1lit ,64.0,Expense,INR
2017-04-18 18:20:51,Saving Bank account 1,Food,Ice cream,Raspberry dolly,20.0,Expense,INR
2017-04-18 13:19:27,Saving Bank account 1,Food,Milk,milk 1lit ,64.0,Expense,INR
2017-04-17 19:56:53,Saving Bank account 1,Food,Dinner,"The X restaurant, Place 1",1076.0,Expense,INR
2017-04-17 19:56:53,Saving Bank account 1,Family,clothes,H&M clothes,1497.0,Expense,INR
2017-04-16 16:30:39,Saving Bank account 1,subscription,Tata Sky,No Description,192.0,Expense,INR
2017-04-14 20:04:31,Saving Bank account 1,Family,Pocket money,No Description,5000.0,Expense,INR
,Saving Bank account 1,Food,breakfast,8 pcs meduvada + 4 pcs dal vada + sambar + chatni,125.0,Expense,INR
,Saving Bank account 1,Transportation,train,Place 6 to Place 2 - 3Tier AC cancellation charges,213.6,Expense,INR
,Saving Bank account 1,Food,Ice cream,chocobar (25)+ chocolate cup (20),45.0,Expense,INR
,Saving Bank account 1,Food,snacks,1 chicken shawarma,60.0,Expense,INR
,Cash,Food,snacks,egg roll,40.0,Expense,INR
,Cash,Food,Grocery,Half kg potato,10.0,Expense,INR
,Cash,Food,Grocery,Sambar masala (32)+ 2 milkybar,52.0,Expense,INR
2017-03-31 22:08:00,Saving Bank account 1,Salary,Unknown,From workplace ,56102.0,Income,INR
2017-03-31 21:08:42,Cash,Transportation,Train,2 Place 0 to dadar return,60.0,Expense,INR
2017-03-31 21:07:22,Cash,Transportation,Taxi,siddhivinayak to shiv sena bhavan,30.0,Expense,INR
2017-03-31 21:06:32,Cash,Transportation,Taxi,Dadar West to siddhivinayak,30.0,Expense,INR
2017-03-31 21:03:22,Cash,Food,Lunch,( pav bhaji + 2 extra pav + sabudana khichdi + kothimbir vada + masala bhat + piyush ),495.0,Expense,INR
2017-03-31 21:02:45,Cash,Transportation,auto,Place 4 station to Place 4 plaza,15.0,Expense,INR
2017-03-31 21:01:20,Cash,Household,Hardware,Laptop repair (servicing+ 2gb ram upgrade + fan replacement + antivirus),2500.0,Expense,INR
2017-03-31 21:00:41,Cash,Transportation,auto,Place 0 to Current Residence,15.0,Expense,INR
2017-03-31 10:20:31,Cash,Transportation,auto,2 Current Residence to Place 0,30.0,Expense,INR
2017-03-30 20:15:18,Saving Bank account 1,Interest,Unknown,interest paid,508.0,Income,INR
2017-03-30 20:15:18,Saving Bank account 1,Household,Kirana,No Description,245.0,Expense,INR
2017-03-28 11:59:46,Cash,Food,beverage,Soda water,12.0,Expense,INR
2017-03-27 21:25:32,Saving Bank account 1,Household,Appliances,USB cord,260.0,Expense,INR
2017-03-27 21:25:08,Saving Bank account 1,Food,Milk,milk 1lit ,60.0,Expense,INR
2017-03-26 19:25:27,Saving Bank account 1,Household,Kirana,Smart,786.0,Expense,INR
2017-03-26 13:43:07,Saving Bank account 1,Food,Milk,milk 1 lit,60.0,Expense,INR
2017-03-25 14:50:06,Cash,Food,Grocery,Dahi 2 packets,20.0,Expense,INR
2017-03-25 14:50:06,Saving Bank account 1,Gpay Reward,Unknown,reward Gpay,6.0,Income,INR
2017-03-25 14:50:06,Saving Bank account 1,Health,Medicine,Tablet,29.0,Expense,INR
2017-03-25 14:50:06,Saving Bank account 1,Health,Medicine,Jel,110.0,Expense,INR
2017-03-25 14:49:45,Saving Bank account 1,Transportation,Travels,Place 2 to Place 1,900.0,Expense,INR
2017-03-25 13:41:02,Cash,Health,Hospital,Doctor Fees,150.0,Expense,INR
2017-03-25 09:14:09,Cash,Food,Milk,milk 1 lit,60.0,Expense,INR
2017-03-23 22:04:15,Saving Bank account 1,Family,Pocket money,No Description,3000.0,Expense,INR
2017-03-23 22:03:29,Saving Bank account 1,Food,beverage,3 sugarcane juice,60.0,Expense,INR
2017-03-23 13:49:11,Saving Bank account 1,Other,Unknown,Fifa 21 pc,1499.0,Expense,INR
2017-03-22 23:18:47,Cash,Transportation,auto,2 Place 0 to Current Residence,20.0,Expense,INR
2017-03-22 23:16:53,Cash,Transportation,auto,No Description,50.0,Expense,INR
2017-03-22 23:14:21,Cash,Household,Furniture,Mattress advance,500.0,Expense,INR
2017-03-22 23:11:47,Cash,Transportation,auto,within city,33.0,Expense,INR
2017-03-22 23:11:47,Cash,Transportation,Bus,2 Place 6 to Place 7,18.0,Expense,INR
2017-03-22 23:10:50,Cash,Transportation,Train,2 Place 0 to WS returns,20.0,Expense,INR
2017-03-22 23:10:50,Cash,Transportation,auto,2 Current Residence to Place 0,30.0,Expense,INR
2017-03-22 06:57:25,Saving Bank account 1,Transportation,Travels,Place 6 to Place 2,600.0,Expense,INR
2017-03-20 11:45:21,Saving Bank account 1,Household,Appliances,2 Spike guard,450.0,Expense,INR
2017-03-19 13:28:22,Saving Bank account 1,subscription,Mobile Service Provider,Mobile Service Provider freedom pack,296.0,Expense,INR
2017-03-18 09:41:44,Cash,Food,snacks,2 samosa (32) + 25 Pani Puri,57.0,Expense,INR
2017-03-18 09:41:44,Saving Bank account 1,Food,Grocery,No Description,160.0,Expense,INR
2017-03-18 09:41:44,Cash,Food,fruits,Grapes + apple + guava,310.0,Expense,INR
2017-03-16 20:40:52,Cash,Other,Unknown,scrap,70.0,Income,INR
2017-03-16 20:39:13,Saving Bank account 1,subscription,Wifi Internet Service,6 months ( 30mb UL plan + 1 month free),2820.0,Expense,INR
2017-03-15 06:17:55,Cash,Household,Kitchen,drainage powder,50.0,Expense,INR
2017-03-15 06:17:55,Cash,Household,Kirana,2 toast+ 2 parle g + Marie gold,111.0,Expense,INR
2017-03-15 06:17:32,Cash,Food,Ice cream,2 softy,40.0,Expense,INR
2017-03-14 20:20:07,Cash,Household,Hardware,2 bath stool,300.0,Expense,INR
2017-03-13 21:47:02,Cash,Food,Grocery,No Description,100.0,Expense,INR
2017-03-13 21:46:14,Cash,Household,Hardware,Wall hanging clipboard,400.0,Expense,INR
2017-03-13 21:30:25,Cash,Beauty,grooming,hair cut,100.0,Expense,INR
2017-03-13 14:08:00,Cash,Household,Hardware,ceiling fans repair,1600.0,Expense,INR
,Cash,Food,beverage,2 sugarcane juice,40.0,Expense,INR
,Cash,Food,Lunch,pav bhaji pav(90) + 4 pav extra(40),130.0,Expense,INR
,Cash,Culture,Movie,2 Batman tickets,440.0,Expense,INR
,Cash,Transportation,Train,2 Place 0 to Place 4 return,40.0,Expense,INR
,Cash,Transportation,Train,2 Place 0 to WS returns,20.0,Expense,INR
,Cash,Food,snacks,bhel + shev puri,60.0,Expense,INR
,Saving Bank account 1,Food,Grocery,1.5 lit milk + 3 cold drink + 1 khari + 1 bread,200.0,Expense,INR
,Saving Bank account 1,Transportation,Travels,2 Place 2 to Place 1,1599.98,Expense,INR
,Saving Bank account 1,Food,Milk,milk 1lit ,62.0,Expense,INR
,Saving Bank account 1,Food,snacks,3 plate kachori,72.0,Expense,INR
,Cash,Food,beverage,2 orange juices,100.0,Expense,INR
,Saving Bank account 1,Food,Grocery,2 Schwan chutteny + 2 cheese cube + amul butter,100.0,Expense,INR
,Saving Bank account 1,Food,Ice cream,naturals,150.0,Expense,INR
,Cash,Food,fruits,1 kg apple + grapes 0.5 kg,190.0,Expense,INR
,Cash,Food,Grocery,No Description,105.0,Expense,INR
,Saving Bank account 1,Food,Ice cream,vanilla ice cream cups 2,20.0,Expense,INR
,Cash,Food,Milk,milk 1lit ,62.0,Expense,INR
,Cash,Food,breakfast,2 plate medu vada + 2 pcs dal vada,45.0,Expense,INR
,Cash,Apparel,Footwear,footwear repair,10.0,Expense,INR
,Cash,Household,Toiletries,plastic kharata + brush,140.0,Expense,INR
,Saving Bank account 1,Food,Grocery,No Description,949.0,Expense,INR
,Cash,Transportation,auto,Place 0 to sec 21,30.0,Expense,INR
,Cash,Food,beverage,sugarcane juice 2,30.0,Expense,INR
,Cash,Transportation,Train,Place 0 to Place 6 return 2,20.0,Expense,INR
,Cash,Transportation,auto,Current Residence to Place 0,30.0,Expense,INR
,Cash,Food,Ice cream,vanilla ice cream cups 2,20.0,Expense,INR
,Saving Bank account 1,Food,Grocery,milk 1 lit + butter milk + srikhand pav kg,148.0,Expense,INR
,Cash,Household,Hardware,measuring tape,50.0,Expense,INR
2017-02-28 22:13:41,Cash,Transportation,Taxi,within city,40.0,Expense,INR
2017-02-28 22:13:41,Saving Bank account 1,Salary,Unknown,From workplace ,56021.0,Income,INR
2017-02-28 22:13:41,Cash,Food,Grocery,sabudana + rajgira ladu,85.0,Expense,INR
2017-02-28 22:13:04,Cash,Transportation,auto,Place 0 to Current Residence,30.0,Expense,INR
2017-02-28 22:11:09,Cash,Transportation,Train,2 Place 3m to vadala rd,10.0,Expense,INR
2017-02-28 22:09:39,Cash,Transportation,Bus,BEST 138 - Marine drive to Place 3m,12.0,Expense,INR
2017-02-28 22:09:27,Cash,Food,Tea,No Description,10.0,Expense,INR
2017-02-28 22:09:03,Cash,Other,Unknown,fine,400.0,Expense,INR
2017-02-28 22:08:33,Saving Bank account 1,Food,Dinner,At restaurant,2421.0,Expense,INR
2017-02-28 22:07:25,Cash,Transportation,Train,2 Santacruz to churchgate,20.0,Expense,INR
2017-02-28 22:06:58,Cash,Food,breakfast,sugarcane juice 2,30.0,Expense,INR
2017-02-28 22:01:48,Cash,Transportation,auto,share auto - mumbai University Kalina to Santacruz station,40.0,Expense,INR
2017-02-28 12:32:35,Cash,Transportation,auto,Current Residence to Place 0,30.0,Expense,INR
2017-02-28 12:32:35,Cash,Transportation,Train,2 Santacruz return,80.0,Expense,INR
2017-02-28 12:32:35,Cash,Transportation,auto,Santacruz to Kalina University,57.0,Expense,INR
2017-02-27 18:42:27,Cash,Transportation,Train,2 TB return,40.0,Expense,INR
2017-02-27 18:42:27,Cash,Transportation,auto,Place 0 to Current Residence,30.0,Expense,INR
2017-02-27 18:42:27,Cash,Transportation,auto,Current Residence to Place 0,30.0,Expense,INR
2017-02-27 18:31:38,Saving Bank account 1,Food,Lunch,6 chapati(8 rs) + half rice,88.0,Expense,INR
2017-02-27 09:18:03,Cash,Household,Appliances,3 Wall clock cell,55.0,Expense,INR
2017-02-27 09:17:17,Saving Bank account 1,Food,Milk,milk 1lit  + amul butter milk,76.0,Expense,INR
2017-02-26 23:59:58,Cash,Transportation,Train,Place 0 to WS returns,20.0,Expense,INR
2017-02-26 23:59:09,Cash,Transportation,auto,Current Residence to Place 0,30.0,Expense,INR
2017-02-26 10:54:45,Saving Bank account 1,Household,Kirana,No Description,846.0,Expense,INR
2017-02-26 00:01:25,Cash,Household,Kitchen,dustbin + basin sink cover,360.0,Expense,INR
2017-02-26 00:00:25,Saving Bank account 1,Food,snacks,2 Jumbo king burger,58.0,Expense,INR
2017-02-25 20:41:26,Saving Bank account 1,Household,Appliances,exide inverter battery 150amp,8500.0,Expense,INR
2017-02-25 20:41:26,Cash,Household,Appliances,tube and inverter fitting,1600.0,Expense,INR
2017-02-25 20:40:36,Cash,Household,Kitchen,hp cylinder,920.0,Expense,INR
2017-02-25 20:39:26,Saving Bank account 1,Food,Dinner,veg paneer tikka 4 roti,318.0,Expense,INR
2017-02-25 20:29:44,Saving Bank account 1,subscription,Tata Sky,No Description,100.0,Expense,INR
2017-02-25 13:21:15,Saving Bank account 1,Food,Lunch,veg triple Schwan fried rice,247.0,Expense,INR
2017-02-24 13:09:50,Cash,Food,Grocery,milk 1 lit + butter milk,75.0,Expense,INR
2017-02-24 13:09:50,Cash,Food,Tea,3 tea yevle amrutullya,30.0,Expense,INR
2017-02-24 13:09:50,Cash,Food,Lunch,At restaurant,100.0,Expense,INR
2017-02-23 02:14:24,Cash,Food,Ice cream,2 vanilla + 2 butterscotch,80.0,Expense,INR
2017-02-22 22:00:06,Cash,Education,Stationary,stamp pad,30.0,Expense,INR
2017-02-22 21:59:31,Saving Bank account 1,Transportation,Taxi,Place 2 to Place 1,5500.0,Expense,INR
2017-02-21 22:00:35,Cash,Food,snacks,pav vada,10.0,Expense,INR
2017-02-19 08:04:37,Cash,Money transfer,Unknown,To Family,23.0,Expense,INR
2017-02-19 08:04:37,Cash,Food,beverage,sugarcane juice 2,30.0,Expense,INR
2017-02-19 08:04:37,Cash,Education,Stationary,laminated colour print out,25.0,Expense,INR
2017-02-19 08:04:37,Saving Bank account 1,Apparel,Clothing,undergarments pair of Jockey,498.0,Expense,INR
2017-02-18 13:19:49,Cash,Family,Pocket money,No Description,500.0,Expense,INR
2017-02-18 11:12:58,Saving Bank account 1,subscription,Mobile Service Provider,Mobile Service Provider recharge wfh,301.0,Expense,INR
2017-02-16 17:32:36,Saving Bank account 1,Gift,Unknown,farewell contribution,400.0,Expense,INR
,Saving Bank account 1,Life Insurance,Unknown,No Description,11286.0,Transfer-Out,INR
2017-02-13 17:20:15,Saving Bank account 1,subscription,Mobile Service Provider,Mobile Service Provider recharge wfh,301.0,Expense,INR
,Saving Bank account 1,Other,Unknown,laptop repair (format 350 + quick heal pro 500),850.0,Expense,INR
,Cash,Other,Unknown, courier,75.0,Expense,INR
,Cash,Food,snacks,single pav vada,10.0,Expense,INR
,Cash,Family,Pocket money,No Description,1000.0,Expense,INR
,Saving Bank account 1,Gift,Unknown,Handbag to Family,1499.0,Expense,INR
,Cash,Food,fruits,half kg chiku,30.0,Expense,INR
,Cash,Food,fruits,1 kg apple,140.0,Expense,INR
,Cash,Food,Grocery,vegetables,195.0,Expense,INR
,Saving Bank account 1,Food,Grocery,jira + toast pav kilo,110.0,Expense,INR
,Cash,Transportation,auto,within city,40.0,Expense,INR
,Cash,Transportation,Bus,N to M,330.0,Expense,INR
,Cash,Apparel,Laundry,clothes ironing,38.0,Expense,INR
,Saving Bank account 1,Food,beverage,5 pouch of shreejal,60.0,Expense,INR
,Cash,Food,snacks,samosa + sabudana vada,53.0,Expense,INR
,Cash,Food,Milk,half liter buffalo,30.0,Expense,INR
,Cash,Health,Medicine,meftal spas,8.0,Expense,INR
,Saving Bank account 1,Food,Dinner,parath + chicken biryani,412.25,Expense,INR
,Cash,Food,beverage,shreejal 1,12.0,Expense,INR
,Cash,Food,breakfast,parle top biscuits,10.0,Expense,INR
,Saving Bank account 1,Food,snacks,chicken roll,50.0,Expense,INR
,Saving Bank account 1,Food,Dinner,At restaurant,1160.0,Expense,INR
,Saving Bank account 1,subscription,Mobile Service Provider,Mobile Service Provider recharge wfh,301.0,Expense,INR
,Saving Bank account 1,Food,Milk,half liter buffalo,33.0,Expense,INR
2017-01-31 09:22:32,Saving Bank account 1,Salary,Unknown,From workplace ,63101.0,Income,INR
2017-01-31 09:22:32,Saving Bank account 1,Food,Milk,half liter buffalo,35.0,Expense,INR
2017-01-30 07:24:02,Saving Bank account 1,Food,Milk,half liter buffalo,35.0,Expense,INR
2017-01-30 07:24:02,Cash,Food,snacks,single pav vada,15.0,Expense,INR
2017-01-29 20:20:15,Cash,Food,Dinner,3 parathe ( 80 mix veg + 70 methi + 100 paneer aloo),250.0,Expense,INR
2017-01-29 20:19:46,Cash,Food,snacks,cheese chilli toast sandwich 1,60.0,Expense,INR
2017-01-29 19:26:04,Cash,Food,snacks,2 Shegaon kachori (nasik),30.0,Expense,INR
2017-01-29 19:24:54,Saving Bank account 1,Food,breakfast,brown bread,35.0,Expense,INR
2017-01-29 19:24:30,Cash,Food,Milk,half liter buffalo,35.0,Expense,INR
2017-01-29 19:23:34,Cash,Transportation,auto,within city,30.0,Expense,INR
2017-01-29 19:23:08,Cash,Transportation,Bus,2 tickets Place 2 to N,510.0,Expense,INR
2017-01-29 19:22:36,Cash,Transportation,auto,within city,30.0,Expense,INR
2017-01-23 19:16:16,Saving Bank account 1,subscription,Tata Sky,No Description,181.0,Expense,INR
2017-01-23 11:27:32,Saving Bank account 1,Gift,Unknown,Birthday gift,649.0,Expense,INR
2017-01-22 19:20:35,Saving Bank account 1,Family,Pocket money,No Description,2000.0,Expense,INR
2017-01-22 19:20:19,Cash,Food,Grocery,No Description,410.0,Expense,INR
2017-01-21 19:23:37,Saving Bank account 1,subscription,Mobile Service Provider,Mobile Service Provider recharge,149.0,Expense,INR
2017-01-20 19:23:37,Saving Bank account 1,subscription,Mobile Service Provider,Mobile Service Provider recharge wfh,301.0,Expense,INR
2017-01-19 00:13:03,Cash,Food,snacks,2 Bombay vada pav,20.0,Expense,INR
2017-01-19 00:12:27,Saving Bank account 1,Family,medicine,syrup,145.0,Expense,INR
2017-01-16 16:02:53,Cash,Transportation,auto,GHroad to Permanent Residence,40.0,Expense,INR
2017-01-16 11:01:54,Saving Bank account 1,Household,Furniture,chair pair,2400.0,Expense,INR
2017-01-16 08:25:05,Saving Bank account 1,Other,Unknown,adhar pvc card order,50.0,Expense,INR
2017-01-15 08:25:53,Cash,Food,Grocery,chole + shev,140.0,Expense,INR
2017-01-15 08:25:53,Cash,Food,Grocery,fruits and vegetables + kirana,540.0,Expense,INR
,Cash,Food,Grocery,3 chips packets + bread,45.0,Expense,INR
,Saving Bank account 1,Health,Medicine,adulsa ( tonic for cough ),90.0,Expense,INR
,Cash,Food,fruits,1 kg apple + bananas,160.0,Expense,INR
,Saving Bank account 1,Food,Grocery,Himalaya soap(30) + Sofie (59) + kitkat (10),99.0,Expense,INR
,Cash,Beauty,grooming,hair cut+shaving,80.0,Expense,INR
,Saving Bank account 1,subscription,Netflix,1 month subscription,149.0,Expense,INR
,Cash,Transportation,auto,Place 2 bus stand to Permanent Residence,50.0,Expense,INR
,Saving Bank account 1,Food,snacks,woffel,175.0,Expense,INR
,Cash,Transportation,auto,Current Residence to hotel on highway,50.0,Expense,INR
,Saving Bank account 1,Transportation,Travels,Place 1 to Place 2 - Novelty tour and travels,1396.5,Expense,INR
,Saving Bank account 1,Food,Dinner,veg paneer tikka 3 roti,294.0,Expense,INR
,Cash,Food,Milk,milk 0.5 lit ,31.0,Expense,INR
,Cash,Household,Appliances,moscuito racket,200.0,Expense,INR
,Saving Bank account 1,Food,snacks,4 Shegaon kachori,48.0,Expense,INR
,Cash,Household,Appliances,inverter battery check,100.0,Expense,INR
,Cash,Food,Grocery,biscuits+icecream,40.0,Expense,INR
,Saving Bank account 1,subscription,Edtech Course,No Description,2816.92,Expense,INR
,Cash,Food,Grocery,fruits and vegetables,140.0,Expense,INR
,Cash,Food,chocolate,Pastry 2,50.0,Expense,INR
,Cash,Food,Tea,yevle amrutullya,20.0,Expense,INR
,Saving Bank account 1,Food,Milk,milk 0.5 lit ,31.0,Expense,INR
,Cash,Food,Lunch,2 uttapam,310.0,Expense,INR
,Cash,Food,Water,No Description,70.0,Expense,INR
,Cash,Food,Lunch,farm house pizza,330.0,Expense,INR
,Cash,Culture,Movie,Imax 3D,400.0,Expense,INR
,Cash,Transportation,train,Place 0 to WS returns,20.0,Expense,INR
,Cash,Transportation,auto,Current Residence to Place 0,60.0,Expense,INR
,Cash,Household,Kitchen,belan,110.0,Expense,INR
,Saving Bank account 1,Food,Dinner,1 veg noodles + 1 chicken soup + 1 egg fried rice,386.0,Expense,INR
,Saving Bank account 1,Food,Grocery,fruits and vegetables,510.0,Expense,INR
,Saving Bank account 1,Health,Medicine,antibiotics,354.0,Expense,INR
,Cash,Food,Grocery,1kg atta,40.0,Expense,INR
,Saving Bank account 1,Household,Kitchen,Channi + viper+ ghasni,50.0,Expense,INR
,Saving Bank account 1,Food,Dinner,pizza meal,340.0,Expense,INR
,Saving Bank account 1,Health,Hospital,Doctor Fees,300.0,Expense,INR
,Saving Bank account 1,Money transfer,Unknown,No Description,100000.0,Expense,INR
2016-12-31 20:11:24,Saving Bank account 1,Food,Grocery,milk + butter + biscuits/toast,77.0,Expense,INR
2016-12-31 20:11:24,Saving Bank account 1,Food,Dinner,1 chicken shawarma + 1 chicken lollipop - 1 veg cheese burger,375.0,Expense,INR
2016-12-31 19:34:55,Cash,Food,snacks,1 Panipuri,25.0,Expense,INR
2016-12-31 17:39:16,Saving Bank account 1,Gift,Unknown,Birthday gift,1096.0,Expense,INR
2016-12-31 15:40:02,Saving Bank account 1,Health,Medicine,strepsils 1 strip,24.0,Expense,INR
2016-12-31 15:39:35,Saving Bank account 1,Food,Lunch,veg fried rice,170.0,Expense,INR
2016-12-31 13:48:53,Saving Bank account 1,Salary,Unknown,From workplace ,56574.0,Income,INR
2016-12-31 13:47:26,Cash,subscription,Edtech Course,EMI 1,2816.0,Expense,INR
2016-12-31 09:09:24,Saving Bank account 1,Food,Grocery,edible oil,160.0,Expense,INR
2016-12-30 21:30:17,Cash,Transportation,auto,Permanent Residence to bus stand,100.0,Expense,INR
2016-12-29 19:17:33,Cash,Other,Unknown,xerox,25.0,Expense,INR
2016-12-29 19:16:32,Cash,Food,snacks,2 chips packets,10.0,Expense,INR
2016-12-29 18:06:14,Cash,Food,flour mill,1 sher bajri 1 kg dadar 1 kg makka,14.0,Expense,INR
2016-12-29 09:00:28,Saving Bank account 1,subscription,Tata Sky,No Description,214.0,Expense,INR
2016-12-29 07:56:02,Saving Bank account 1,Transportation,train,LTT to Place 2 (Patna Exp) cancellation,403.0,Expense,INR
2016-12-29 07:40:31,Saving Bank account 1,Gift,Unknown,Nokia 215 mobile for Aai,3195.0,Expense,INR
2016-12-28 18:41:14,Cash,Food,Grocery,Monaco biscuits,10.0,Expense,INR
2016-12-28 18:40:50,Saving Bank account 1,Other,Unknown,specs,1780.0,Expense,INR
2016-12-25 14:10:11,Saving Bank account 1,subscription,Mobile Service Provider,Mobile Service Provider recharge wfh,301.0,Expense,INR
2016-12-22 11:15:36,Saving Bank account 1,Gift,Unknown,farewell contribution,285.0,Expense,INR
2016-12-22 10:39:06,Saving Bank account 1,Transportation,train,Place 5 to Place 1 sevagram,11.8,Expense,INR
2016-12-21 21:57:01,Saving Bank account 1,Family,clothes,sweater,1874.0,Expense,INR
2016-12-21 19:59:20,Saving Bank account 1,Transportation,train,LTT to Place 2 cancellation,251.8,Expense,INR
2016-12-21 19:58:12,Saving Bank account 1,Transportation,Travels,Place 2 to Place 1 - Novelty tour and travels,1900.0,Expense,INR
2016-12-19 18:29:12,Cash,Food,snacks,2 dabeli,30.0,Expense,INR
2016-12-19 18:28:42,Saving Bank account 1,Household,Toiletries,sensitive toothbrush,49.0,Expense,INR
2016-12-19 17:08:11,Cash,Food,snacks,chips 1 Kurkure (19) 1 lays (10),29.0,Expense,INR
2016-12-19 17:07:37,Cash,Food,fruits,1 kg mosambi 1 kg apple,170.0,Expense,INR
2016-12-18 20:18:54,Saving Bank account 1,Bonus,Unknown,reward Gpay,5.0,Income,INR
2016-12-18 20:18:37,Saving Bank account 1,Family,Pocket money,No Description,2000.0,Expense,INR
2016-12-17 13:42:36,Saving Bank account 1,Bonus,Unknown,reward Gpay,11.0,Income,INR
2016-12-17 13:42:21,Saving Bank account 1,subscription,Mobile Service Provider,Mobile Service Provider recharge wfh,301.0,Expense,INR
2016-12-14 21:43:10,Cash,Food,vegetables,No Description,200.0,Expense,INR
2016-12-13 21:43:57,Cash,Other,Unknown,kalnirnay calender,35.0,Expense,INR
2016-12-13 21:42:22,Cash,Household,Toiletries,oralB toothbrush with cap,25.0,Expense,INR
2016-12-13 18:20:35,Saving Bank account 1,Gift,Unknown,farewell contribution,350.0,Expense,INR
,Cash,Other,Unknown,jeevan drop,45.0,Expense,INR
,Cash,Health,Hospital,Doctor Fees,200.0,Expense,INR
,Saving Bank account 1,Health,Medicine,eye drop maxmoist,257.0,Expense,INR
,Cash,Food,Ice cream,chocobar,30.0,Expense,INR
,Saving Bank account 1,Investment,Mutual fund,No Description,1000.0,Expense,INR
,Saving Bank account 1,Recurring Deposit,Unknown,No Description,1000.0,Expense,INR
,Saving Bank account 1,Food,Grocery,cheese cubes(2),30.0,Expense,INR
,Saving Bank account 1,Other,Unknown,OTT Platform 1 subscription,199.0,Expense,INR
,Cash,Family,medicine,tonic,155.0,Expense,INR
,Cash,Food,vegetables,gilke,25.0,Expense,INR
,Cash,Food,vegetables,kadhipatta + 2 lemon,10.0,Expense,INR
,Cash,Food,vegetables,kandyachi paat,8.0,Expense,INR
,Cash,Food,vegetables,tomato,30.0,Expense,INR
,Cash,Food,vegetables,onion 1 kg,25.0,Expense,INR
,Cash,Food,vegetables,val + methi + lady finger,50.0,Expense,INR
,Cash,Food,vegetables,carrets + brinjal + flower,90.0,Expense,INR
,Cash,Food,snacks,3 chips packets,15.0,Expense,INR
,Cash,Food,snacks,pav bhaji pav 3 packets (8pcs each),45.0,Expense,INR
,Cash,Food,fruits,8 bananas,20.0,Expense,INR
,Cash,Food,Grocery,Colgate max fresh medium,55.0,Expense,INR
,Cash,Food,chocolate,2 milkybar,20.0,Expense,INR
,Saving Bank account 1,Investment,Public Provident Fund,No Description,40000.0,Expense,INR
2016-11-30 20:00:34,Saving Bank account 1,Family,clothes,leggings,500.0,Expense,INR
2016-11-30 13:56:42,Saving Bank account 1,Salary,Unknown,From workplace ,56586.0,Income,INR
2016-11-30 11:33:19,Saving Bank account 1,Bonus,Unknown,reward Gpay,5.0,Income,INR
2016-11-30 11:32:14,Saving Bank account 1,subscription,Mobile Service Provider,Mobile Service Provider recharge wfh,251.0,Expense,INR
2016-11-30 06:53:26,Saving Bank account 1,subscription,Mobile Service Provider,mobile recharge sim 2,98.0,Expense,INR
2016-11-29 21:44:34,Cash,Family,misc,Himalaya shampoo,60.0,Expense,INR
2016-11-28 18:04:08,Saving Bank account 1,Household,Appliances,Metz 32 inch TV,20500.0,Expense,INR
2016-11-28 18:03:47,Cash,Other,Unknown,flour mill,8.0,Expense,INR
2016-11-28 06:17:10,Cash,Food,Ice cream,mava 1 large,20.0,Expense,INR
2016-11-25 09:28:23,Saving Bank account 1,Bonus,Unknown,reward Gpay,5.0,Income,INR
2016-11-25 09:27:45,Saving Bank account 1,subscription,Mobile Service Provider,Mobile Service Provider recharge wfh,251.0,Expense,INR
2016-11-21 09:41:12,Cash,Transportation,auto,within city,50.0,Expense,INR
2016-11-21 09:41:12,Cash,Health,Medicine,strepsils,15.0,Expense,INR
2016-11-21 09:41:12,Cash,Transportation,auto,within city,70.0,Expense,INR
2016-11-20 11:58:05,Cash,Transportation,auto,Locality V to Permanent Residence,50.0,Expense,INR
2016-11-19 12:12:00,Cash,Food,chocolate,poppins,2.0,Expense,INR
2016-11-19 12:12:00,Saving Bank account 1,Food,Eating out,"3 parathe , 1 Hara bhara kabab, 1 rabdi malai, 1 masala papad, 1 pepsi",1087.0,Expense,INR
2016-11-19 12:12:00,Cash,Transportation,auto,within city,50.0,Expense,INR
2016-11-19 12:12:00,Cash,Food,Water,two water bottles,40.0,Expense,INR
2016-11-19 12:12:00,Cash,Other,Unknown,Sayaji baug express (50/adult),100.0,Expense,INR
2016-11-19 12:12:00,Cash,Transportation,auto,ola auto - BRC ,40.0,Expense,INR
2016-11-19 12:12:00,Cash,Transportation,Bus,Place T to brc,94.0,Expense,INR
2016-11-19 11:58:28,Cash,Transportation,Taxi,share jeep - Place T top to base (50/person),100.0,Expense,INR
2016-11-19 11:58:28,Cash,Food,beverage,lemon juice ( 20/person),40.0,Expense,INR
2016-11-19 11:58:28,Cash,Other,Unknown,"Puja saman (150 for 5 Nariyal, 400 for 1kg sweets and 190 for rest)",740.0,Expense,INR
2016-11-19 11:58:28,Cash,Transportation,ropeway,ropeway Place T to and fro (169/person),338.0,Expense,INR
2016-11-19 11:58:28,Cash,Transportation,Taxi,share jeep - Place T base to top (50/person),100.0,Expense,INR
2016-11-19 11:58:28,Cash,Transportation,auto,share auto - Place H to Place T base (20/person),40.0,Expense,INR
2016-11-19 11:58:28,Cash,Transportation,Bus,bus - brc to Place H ( 27/person),54.0,Expense,INR
2016-11-19 11:58:28,Cash,Transportation,auto,within city,80.0,Expense,INR
2016-11-17 20:17:21,Cash,Food,snacks,single pav vada,10.0,Expense,INR
2016-11-15 20:23:29,Cash,Food,Grocery,lemons,20.0,Expense,INR
2016-11-15 20:23:12,Cash,Other,Unknown,flowers,10.0,Expense,INR
2016-11-15 20:22:40,Cash,Food,fruits,apple + mosambi 1kg each,180.0,Expense,INR
2016-11-14 20:03:10,Saving Bank account 1,Transportation,Travels,Veer Travels - BRC to Place 2 ( 2 Adults),1800.0,Expense,INR
2016-11-14 20:02:26,Saving Bank account 1,Transportation,Travels,Kabra Travels - Place 2 to BRC (2 Adults),4662.0,Expense,INR
,Cash,Health,Medicine,mouth fresh,55.0,Expense,INR
,Cash,Food,snacks,Bombay vada pav,10.0,Expense,INR
,Cash,Transportation,auto,Permanent Residence to Bandhu prem,40.0,Expense,INR
,Saving Bank account 1,Investment,RD,RD,1000.0,Expense,INR
,Saving Bank account 1,Investment,LIC,Life Insurance,11286.0,Expense,INR
,Cash,Other,Unknown,gulal,10.0,Expense,INR
,Cash,Food,Eating out,ice cream,45.0,Expense,INR
,Cash,Transportation,auto,Permanent Residence to hospital,30.0,Expense,INR
,Cash,Festivals,Diwali,firecracker,50.0,Expense,INR
,Cash,Food,Grocery,butter + frozen vatana+ 9 pan,240.0,Expense,INR
,Saving Bank account 1,Other,Unknown,cake + Happy Birthday letters,470.0,Expense,INR
,Saving Bank account 1,Health,Medicine,medicine,700.0,Expense,INR
,Saving Bank account 1,Bonus,Unknown,Diwali gift,1500.0,Income,INR
,Cash,Grooming,Saloon,cutting + shaving,80.0,Expense,INR
,Cash,Festivals,Diwali,firecracker,450.0,Expense,INR
,Cash,Food,fruits,mosambi 1kg,50.0,Expense,INR
,Saving Bank account 1,Investment,Public Provident Fund,No Description,10000.0,Expense,INR
2016-10-31 07:36:35,Saving Bank account 1,Festivals,Diwali,Mi band 5 ( Bhaiduj gift),1999.0,Expense,INR
2016-10-30 15:03:18,Saving Bank account 1,Salary,Unknown,From workplace ,56647.0,Income,INR
2016-10-28 07:19:00,Saving Bank account 1,Health,Medicine,syrup+tablet+ mortein refill,221.0,Expense,INR
2016-10-28 07:19:00,Cash,Transportation,auto,Permanent Residence to pathology,40.0,Expense,INR
2016-10-27 13:57:56,Saving Bank account 1,subscription,Mobile Service Provider,No Description,251.0,Expense,INR
2016-10-27 13:57:56,Saving Bank account 1,Family,gift,Undated Planner - June shop,1119.2,Expense,INR
2016-10-27 13:57:56,Cash,Food,Grocery,mehndi,25.0,Expense,INR
2016-10-27 10:40:00,Cash,Food,fruits,apple + mosambi 1kg each,170.0,Expense,INR
2016-10-26 13:58:49,Saving Bank account 1,Health,Medicine,No Description,617.0,Expense,INR
2016-10-25 18:55:33,Cash,Food,snacks,egg roll,25.0,Expense,INR
2016-10-24 08:17:38,Cash,Food,Grocery,popcorn+mehndi+mosambi+orange+all out refill,320.0,Expense,INR
2016-10-22 20:24:10,Cash,Food,Grocery,Khari,35.0,Expense,INR
2016-10-22 20:23:46,Cash,Food,Eating out,pav vada,20.0,Expense,INR
2016-10-17 17:30:26,Cash,Food,Grocery,butter + paneer + pav+batate+tamate,215.0,Expense,INR
2016-10-15 10:31:22,Saving Bank account 1,Food,Grocery,No Description,430.0,Expense,INR
2016-10-14 11:58:20,Saving Bank account 1,Food,Grocery,sugar + biscuits,120.0,Expense,INR
2016-10-13 14:23:49,Saving Bank account 1,Family,misc,scratch guard ipad,249.0,Expense,INR
,Saving Bank account 1,Food,Grocery,coconut,150.0,Expense,INR
,Cash,Food,Grocery,apple half kg+ mixer repair+flowers,100.0,Expense,INR
,Saving Bank account 1,Investment,RD,No Description,1000.0,Expense,INR
,Saving Bank account 1,Family,misc,scratch guard ipad,249.0,Expense,INR
,Saving Bank account 1,Health,Medicine,No Description,40.0,Expense,INR
,Saving Bank account 1,Transportation,auto,Permanent Residence to hospital to n fro,80.0,Expense,INR
,Saving Bank account 1,Food,Grocery,mosambi 1kg+ gavar pav kilo+lemon 3 + kothimbir,90.0,Expense,INR
,Saving Bank account 1,Beauty,grooming,razor,174.0,Expense,INR
,Cash,Festivals,Navratri,vargini,200.0,Expense,INR
2016-09-30 06:28:02,Saving Bank account 1,Interest,Unknown,interest paid,835.0,Income,INR
2016-09-30 06:28:02,Saving Bank account 1,Salary,Unknown,From workplace ,58058.0,Income,INR
2016-09-28 07:32:36,Cash,Other,Unknown,flour mill,32.0,Expense,INR
2016-09-19 15:35:24,Cash,Food,Milk,No Description,33.0,Expense,INR
2016-09-15 06:52:09,Cash,Food,Grocery,chocobar+milk+chips,95.0,Expense,INR
2016-09-14 13:24:08,Saving Bank account 1,subscription,Mobile Service Provider,No Description,251.0,Expense,INR
2016-09-14 10:13:24,Saving Bank account 1,Family,gift,baggit purse,437.0,Expense,INR
2016-09-13 09:48:13,Cash,Food,snacks,brownie,70.0,Expense,INR
2016-09-13 09:48:13,Saving Bank account 1,Food,Eating out,riverdine date,845.0,Expense,INR
,Cash,Food,Grocery,bread,35.0,Expense,INR
,Cash,Food,Milk,half liter buffalo,35.0,Expense,INR
,Saving Bank account 1,Food,snacks,vanilla ice cream cups 2,20.0,Expense,INR
,Cash,Food,Grocery,badishop,70.0,Expense,INR
,Saving Bank account 1,Food,Milk,half liter buffalo,35.0,Expense,INR
,Cash,Transportation,auto,meghdoot to plaza,20.0,Expense,INR
,Cash,Food,Milk,1lit buffalo milk,70.0,Expense,INR
,Saving Bank account 1,Food,beverage,cold coffee,30.0,Expense,INR
,Cash,Food,Grocery,bread,20.0,Expense,INR
,Saving Bank account 1,subscription,Mobile Service Provider,No Description,251.0,Expense,INR
,Cash,Food,Eggs,1 dozen,72.0,Expense,INR
,Saving Bank account 1,Transportation,Travels,Place 6 to Place 2,598.5,Expense,INR
,Saving Bank account 1,Transportation,Travels,Place 2 to mum,750.0,Expense,INR
2016-08-31 15:47:44,Saving Bank account 1,Salary,Unknown,From workplace ,63894.0,Income,INR
2016-08-29 11:41:25,Cash,Festivals,Ganesh Pujan,Ganesh idol,361.0,Expense,INR
2016-08-29 10:48:48,Cash,Household,Kitchen,boric powder,40.0,Expense,INR
2016-08-29 10:48:20,Saving Bank account 1,Household,Toiletries,lizol,98.0,Expense,INR
2016-08-24 07:38:04,Saving Bank account 1,Festivals,Rakshabandhan,rakshabandhan ovalni ,500.0,Expense,INR
2016-08-23 17:25:23,Saving Bank account 1,Family,Pocket money,No Description,2000.0,Expense,INR
2016-08-22 13:22:05,Saving Bank account 1,Festivals,Rakshabandhan,rakshabandhan ovalni ,500.0,Expense,INR
2016-08-21 08:54:35,Cash,Other,Unknown,earphones,100.0,Expense,INR
2016-08-18 14:19:25,Saving Bank account 1,subscription,Mobile Service Provider,No Description,251.0,Expense,INR
2016-08-14 16:13:29,Cash,Other,Unknown,pens,5.0,Expense,INR
2016-08-14 16:12:49,Cash,Grooming,Saloon,hair cut,100.0,Expense,INR
,Saving Bank account 1,Family,exam fee,PET Psychology,750.0,Expense,INR
,Saving Bank account 1,Family,misc,ipad cover,260.0,Expense,INR
,Saving Bank account 1,Money transfer,Unknown,No Description,15000.0,Expense,INR
2016-07-31 18:51:58,Saving Bank account 1,Salary,Unknown,From workplace ,51556.0,Income,INR
2016-07-31 18:50:51,Cash,Other,Unknown,frame for specs,250.0,Expense,INR
2016-07-25 10:48:49,Saving Bank account 1,subscription,Mobile Service Provider,No Description,251.0,Expense,INR
2016-07-21 16:33:04,Saving Bank account 1,subscription,Mobile Service Provider,No Description,251.0,Expense,INR
2016-07-20 07:03:14,Saving Bank account 1,subscription,Mobile Service Provider,Mobile Service Provider recharge 365 days,2599.0,Expense,INR
2016-07-13 10:21:25,Cash,Health,Medicine,citrizen + crocine,10.0,Expense,INR
,Saving Bank account 1,Investment,Mutual fund,Mutual fund C,1000.0,Expense,INR
,Saving Bank account 1,Investment,Mutual fund,Mutual fund B,1000.0,Expense,INR
,Saving Bank account 1,Investment,Mutual fund,Mutual fund A,1000.0,Expense,INR
,Saving Bank account 1,Family,misc,Family Mobile Service Provider recharge,2599.0,Expense,INR
2016-06-30 11:40:50,Saving Bank account 1,Interest,Unknown,interest paid,740.0,Income,INR
2016-06-30 11:40:50,Saving Bank account 1,Other,Unknown,pan card application,106.9,Expense,INR
2016-06-30 08:20:12,Saving Bank account 1,Salary,Unknown,From workplace ,51544.0,Income,INR
2016-06-27 17:09:47,Saving Bank account 1,Transportation,Travels,Chalisgaon to Baroda return,3200.0,Expense,INR
2016-06-27 10:10:57,Saving Bank account 1,subscription,Mobile Service Provider,No Description,251.0,Expense,INR
2016-06-23 12:02:39,Saving Bank account 1,subscription,Amazon Prime,Amazon prime subscription,995.0,Expense,INR
2016-06-22 11:20:48,Saving Bank account 1,subscription,Mobile Service Provider,Mobile Service Provider sim card porting,350.0,Expense,INR
2016-06-20 22:19:27,Saving Bank account 1,Food,snacks,icecream,140.0,Expense,INR
2016-06-19 18:49:52,Saving Bank account 1,Food,Grocery,grocery,600.0,Expense,INR
2016-06-19 17:10:49,Saving Bank account 1,Family,exam fee,Family exam form,905.0,Expense,INR
2016-06-18 19:45:05,Cash,Other,Unknown,flour mill,38.0,Expense,INR
,Cash,Food,Eggs,No Description,84.0,Expense,INR
,Cash,Food,Grocery,biscuits + medicine,68.0,Expense,INR
,Cash,Food,Water,1 Jar,25.0,Expense,INR
2016-05-31 09:55:09,Saving Bank account 1,Salary,Unknown,From workplace ,51556.0,Income,INR
2016-05-31 09:51:36,Saving Bank account 1,Transportation,auto,Permanent Residence to LB road,50.0,Expense,INR
2016-05-30 12:46:40,Saving Bank account 1,subscription,Mobile Service Provider,No Description,251.0,Expense,INR
2016-05-29 19:16:49,Saving Bank account 1,Food,Grocery,sanitary napkins+chocolates+Maggie+khajoor,504.0,Expense,INR
2016-05-22 11:13:40,Saving Bank account 1,Grooming,Saloon,hair cut+shaving,120.0,Expense,INR
2016-05-22 11:13:40,Cash,Transportation,auto,Permanent Residence to nearby hospital,40.0,Expense,INR
2016-05-19 09:21:46,Saving Bank account 1,Food,Grocery,agarbatti + icecream pack,180.0,Expense,INR
2016-05-17 21:59:19,Saving Bank account 1,Investment,LIC,Life Insurance,11286.0,Expense,INR
2016-05-17 12:34:38,Cash,Other,Unknown,Aadhar mobile number and email id updated,100.0,Expense,INR
2016-05-16 20:48:29,Saving Bank account 1,subscription,Mobile Service Provider,No Description,251.0,Expense,INR
,Cash,Other,Unknown,flour mill,25.0,Expense,INR
2016-04-30 21:58:43,Saving Bank account 1,Salary,Unknown,From workplace ,51562.45,Income,INR
2016-04-28 22:24:09,Saving Bank account 1,subscription,Hotstar,subscription,299.0,Expense,INR
2016-04-26 08:30:54,Saving Bank account 1,Food,Grocery,dettol handwash + khari + toast + goodday,259.0,Expense,INR
2016-04-24 22:10:32,Saving Bank account 1,subscription,Kindle unlimited,kindle unlimited,169.0,Expense,INR
2016-04-20 10:27:48,Saving Bank account 1,subscription,Mobile Service Provider,No Description,251.0,Expense,INR
2016-04-16 21:24:04,Cash,Household,Toiletries,sensodyne toothbrush,50.0,Expense,INR
2016-04-15 07:04:48,Saving Bank account 1,subscription,Mobile Service Provider,No Description,251.0,Expense,INR
,Saving Bank account 1,Food,Grocery,No Description,1279.0,Expense,INR
,Saving Bank account 1,subscription,OTT Platform,subscription 1 yr,300.0,Expense,INR
,Cash,Food,beverage,rasna orange,20.0,Expense,INR
,Cash,Transportation,auto,LB road to Permanent Residence,50.0,Expense,INR
,Cash,Other,Unknown,jeevan drop,30.0,Expense,INR
2016-03-31 10:25:01,Saving Bank account 1,Salary,Unknown,From workplace ,70806.0,Income,INR
2016-03-29 05:35:43,Cash,Other,Unknown,owalni,100.0,Expense,INR
2016-03-28 15:20:05,Saving Bank account 1,Other,Unknown,hit spray(99)+biscuits+mask,159.0,Expense,INR
2016-03-22 14:53:55,Saving Bank account 1,subscription,Kindle unlimited,kindle unlimited,169.0,Expense,INR
2016-03-21 04:26:41,Saving Bank account 1,subscription,Mobile Service Provider,No Description,251.0,Expense,INR
2016-03-20 12:05:32,Cash,Food,Grocery,sambhar masala,35.0,Expense,INR
2016-03-20 12:05:13,Cash,Other,Unknown,print out,5.0,Expense,INR
2016-03-16 12:44:04,Saving Bank account 1,Gift,Unknown,Ganesh murthi,80.0,Expense,INR
2016-03-15 17:08:31,Saving Bank account 1,subscription,Mobile Service Provider,Mobile Service Provider recharge wfh,251.0,Expense,INR
,Cash,Food,Grocery,cheese cubes(2)+ neutralite butter,60.0,Expense,INR
,Cash,Other,Unknown,watch repair,250.0,Expense,INR
,Cash,Education,School supplies,Gel pens,20.0,Expense,INR
,Saving Bank account 1,subscription,Mobile Service Provider,Mobile Service Provider recharge wfh,251.0,Expense,INR
2016-02-28 19:38:39,Saving Bank account 1,Food,snacks,biscuits,70.0,Expense,INR
2016-02-28 10:08:09,Cash,Grooming,Saloon,hair cut,100.0,Expense,INR
2016-02-28 10:08:09,Saving Bank account 1,Food,snacks, pedhe,100.0,Expense,INR
2016-02-28 10:07:55,Cash,Other,Unknown,flour mill,11.0,Expense,INR
2016-02-27 07:49:16,Saving Bank account 1,subscription,Mobile Service Provider,Mobile Service Provider recharge wfh,251.0,Expense,INR
2016-02-27 07:49:16,Cash,Other,Unknown,moscuito racket,250.0,Expense,INR
2016-02-27 07:49:16,Saving Bank account 1,Food,snacks, pedhe,50.0,Expense,INR
2016-02-26 20:26:07,Saving Bank account 1,Money transfer,Unknown,No Description,10000.0,Expense,INR
2016-02-26 20:25:51,Saving Bank account 1,Salary,Unknown,From workplace ,49806.0,Income,INR
2016-02-24 06:35:18,Saving Bank account 1,subscription,Audible,audible subscription,199.0,Expense,INR
2016-02-22 21:02:42,Cash,Food,snacks,5star (2)+munch(2),40.0,Expense,INR
2016-02-22 09:05:19,Saving Bank account 1,subscription,Kindle unlimited,kindle unlimited,169.0,Expense,INR
2016-02-20 19:45:27,Cash,Food,Grocery,biscuits,85.0,Expense,INR
2016-02-14 21:35:26,Cash,Food,Grocery,bread (10)+Cadbury(10)+ cheese + myvaneese+pav bhaji masala,165.0,Expense,INR
2016-02-13 11:14:46,Cash,Transportation,auto,within city,40.0,Expense,INR
2016-02-13 11:14:46,Saving Bank account 1,Health,Health,hand gloves 4 pairs,80.0,Expense,INR
,Cash,Food,Grocery,No Description,160.0,Expense,INR
2016-01-31 11:19:58,Saving Bank account 1,Money transfer,Unknown,No Description,10000.0,Expense,INR
2016-01-31 11:17:24,Saving Bank account 1,Salary,Unknown,From workplace ,49806.0,Income,INR
2016-01-26 19:46:26,Saving Bank account 1,subscription,Audible,audible subscription,199.0,Expense,INR
2016-01-22 09:58:13,Saving Bank account 1,subscription,Kindle unlimited,kindle unlimited,169.0,Expense,INR
2016-01-13 12:06:57,Saving Bank account 1,Other,Unknown,wedding gift,45000.0,Income,INR
,Cash,Apparel,Footwear,slippers,200.0,Expense,INR
,Cash,Household,Kitchen,chalk for ants,15.0,Expense,INR
,Saving Bank account 1,Other,Unknown,laptop table,1994.0,Expense,INR
,Cash,Food,Unknown,cake,350.0,Expense,INR
,Cash,Transportation,auto,grandparents to Permanent Residence,30.0,Expense,INR
,Cash,Food,Unknown,Everest pav bhaji masala,35.0,Expense,INR
,Saving Bank account 1,Food,Unknown,Amul butter 100gm(4 pcs),192.0,Expense,INR
2015-12-31 17:00:32,Cash,Food,Unknown,cake + balloon (150)+caps(50+40),540.0,Expense,INR
2015-12-31 16:56:24,Saving Bank account 1,Salary,Unknown,From workplace ,77335.0,Income,INR
2015-12-30 17:31:33,Cash,Food,Unknown,cake advance,100.0,Expense,INR
2015-12-30 17:30:28,Cash,Beauty,Makeup,hair cut+shaving+dye+facial,2000.0,Expense,INR
2015-12-26 23:53:57,Cash,Other,Unknown,flour mill,28.0,Expense,INR
2015-12-26 07:27:26,Saving Bank account 1,Other,Unknown,audible subscription,199.0,Expense,INR
2015-12-25 17:24:50,Saving Bank account 1,Apparel,Footwear,sliper,270.0,Expense,INR
2015-12-25 17:24:24,Cash,Household,Kitchen,dustbin bags,50.0,Expense,INR
2015-12-21 23:18:19,Saving Bank account 1,Other,Unknown,kindle unlimited,169.0,Expense,INR
2015-12-20 09:08:55,Saving Bank account 1,Gift,Unknown,secret Santa - diary,465.0,Expense,INR
2015-12-19 22:28:38,Cash,Food,Eggs,No Description,80.0,Expense,INR
2015-12-19 21:14:02,Saving Bank account 1,Health,Medicine,hand sanitizer,220.0,Expense,INR
2015-12-19 14:20:11,Saving Bank account 1,Health,Medicine,eye drop maxmoist,235.0,Expense,INR
,Saving Bank account 1,Transportation,auto,within city,50.0,Expense,INR
,Cash,Transportation,auto,station to Permanent Residence,100.0,Expense,INR
,Cash,Other,Unknown,flour mill,28.0,Expense,INR
,Saving Bank account 1,Investment,Mutual fund,reliance mutual fund,1000.0,Expense,INR
,Cash,Food,snacks,Cadbury 2 + chips 2,90.0,Expense,INR
,Cash,Other,Unknown,petrol,200.0,Expense,INR
,Saving Bank account 1,Investment,Mutual fund,ICICI prudential,1000.0,Expense,INR
,Cash,Apparel,Footwear,Kolhapuri chappal,325.0,Expense,INR
,Saving Bank account 1,Apparel,Footwear,roadstar black fishermen sandals,773.0,Expense,INR
,Saving Bank account 1,Money transfer,Unknown,No Description,50000.0,Expense,INR
,Saving Bank account 1,Public Provident Fund,Unknown,No Description,10000.0,Expense,INR
,Saving Bank account 1,Gift,Unknown,to Family,1024.0,Expense,INR
2015-11-30 11:30:45,Saving Bank account 1,Salary,Unknown,From workplace ,49806.0,Income,INR
2015-11-29 09:27:52,Cash,Transportation,auto,No Description,50.0,Expense,INR
2015-11-29 09:27:52,Cash,Transportation,auto,No Description,30.0,Expense,INR
2015-11-29 09:27:52,Cash,Transportation,auto,No Description,40.0,Expense,INR
2015-11-27 16:25:01,Cash,Food,snacks,egg roll,25.0,Expense,INR
2015-11-26 06:51:26,Saving Bank account 1,Other,Unknown,audible subscription,199.0,Expense,INR
2015-11-21 21:40:52,Saving Bank account 1,Other,Unknown,Mobile Service Provider recharge wfh,251.0,Expense,INR
2015-11-21 21:39:44,Cash,Food,Eggs,1 dozen,84.0,Expense,INR
2015-11-15 19:52:41,Saving Bank account 1,Bonus,Unknown,Diwali gift,1500.0,Income,INR
2015-11-14 21:38:16,Cash,Other,Unknown,flowers (.5kg)+sweets (.25gm+10/-)+vegetables (1.5kg),310.0,Expense,INR
,Cash,Food,Eating out,egg roll,25.0,Expense,INR
,Saving Bank account 1,Investment,Mutual fund, mutual fund,1000.0,Expense,INR
,Saving Bank account 1,Other,Unknown,Mobile Service Provider recharge wfh,251.0,Expense,INR
,Cash,Food,Dinner,12 eggs,84.0,Expense,INR
,Cash,Public Provident Fund,Unknown,No Description,10000.0,Expense,INR
,Cash,Transportation,auto,Permanent Residence to nearby  hospital,40.0,Expense,INR
,Cash,Transportation,auto,Locality V to Permanent Residence,70.0,Expense,INR
2015-10-31 19:29:41,Cash,Food,snacks,water bottle + khari sing,70.0,Expense,INR
2015-10-31 19:06:06,Cash,Transportation,auto,b45 to Pandya bridge,71.0,Expense,INR
2015-10-31 19:05:50,Cash,Food,Tea,No Description,10.0,Expense,INR
2015-10-31 12:09:14,Saving Bank account 1,Salary,Unknown,From workplace ,49806.0,Income,INR
2015-10-31 12:08:54,Cash,Food,snacks,sweats,250.0,Expense,INR
2015-10-31 09:27:05,Cash,Health,Health,face mask,150.0,Expense,INR
2015-10-31 09:26:37,Cash,Transportation,auto,golden circle to b45,180.0,Expense,INR
2015-10-30 14:13:06,Cash,Beauty,grooming,hair cut,50.0,Expense,INR
2015-10-30 06:35:12,Cash,Transportation,auto,Permanent Residence to kacheri,30.0,Expense,INR
2015-10-29 10:17:09,Saving Bank account 1,Transportation,Bus,redbus - brc to Place 2,665.0,Expense,INR
2015-10-28 21:38:44,Saving Bank account 1,Gift,Unknown,to Family,1000.0,Expense,INR
2015-10-28 21:28:33,Cash,Transportation,Bus,Place 2 to brc travels,660.0,Expense,INR
2015-10-27 07:48:06,Saving Bank account 1,Other,Unknown,audible subscription,199.0,Expense,INR
2015-10-25 17:55:32,Cash,Household,Kitchen,Sapat Parivar Tea half kg,240.0,Expense,INR
2015-10-24 18:57:36,Cash,Household,Appliances,plumber,100.0,Expense,INR
2015-10-23 14:30:42,Cash,Transportation,auto,mandir to hospital,20.0,Expense,INR
2015-10-23 08:23:53,Cash,Other,Unknown,hanger clips,40.0,Expense,INR
2015-10-22 13:10:06,Saving Bank account 1,Other,Unknown,Mobile Service Provider recharge wfh,251.0,Expense,INR
2015-10-21 18:16:08,Cash,Other,Unknown,toll+petrol,500.0,Expense,INR
2015-10-18 21:35:17,Saving Bank account 1,Apparel,Clothing,belt + socs,1479.0,Expense,INR
2015-10-18 21:35:17,Saving Bank account 1,Transportation,Taxi,Ola - Place 1 to Place 5 to and fro,803.0,Expense,INR
2015-10-18 21:35:17,Cash,Money transfer,Unknown,No Description,2000.0,Expense,INR
,Saving Bank account 1,Gift,Unknown,kindle + gift wrap,8029.0,Expense,INR
,Saving Bank account 1,Food,beverage,cold coffee,420.0,Expense,INR
2015-09-30 14:25:08,Saving Bank account 1,Salary,Unknown,From workplace ,49806.0,Income,INR
2015-09-30 14:24:23,Cash,Other,Unknown,phone cover,100.0,Expense,INR
2015-09-28 10:54:06,Cash,Other,Unknown,Mobile Service Provider sim card,350.0,Expense,INR
2015-09-28 10:53:25,Cash,Health,Health,6 pairs of use and throw gloves,120.0,Expense,INR
2015-09-28 10:52:49,Cash,Health,Health,2 n95 masks,300.0,Expense,INR
2015-09-27 10:54:06,Saving Bank account 1,Other,Unknown,audible subscription,199.0,Expense,INR
2015-09-26 08:24:14,Cash,Other,Unknown,shoe polish,30.0,Expense,INR
2015-09-21 08:10:16,Saving Bank account 1,Other,Unknown,Mobile Service Provider fi router,2099.0,Expense,INR
,Saving Bank account 1,Food,Lunch,chicken lollypop + biryani,379.0,Expense,INR
,Saving Bank account 1,Other,Unknown,return deposit,4800.0,Income,INR
2015-08-31 13:33:18,Saving Bank account 1,Salary,Unknown,From workplace ,49806.0,Income,INR
2015-08-31 11:48:23,Saving Bank account 1,Money transfer,Unknown,No Description,10000.0,Expense,INR
2015-08-31 07:47:33,Saving Bank account 1,Other,Unknown,Screw driver kit,287.0,Expense,INR
2015-08-30 13:18:42,Saving Bank account 1,Other,Unknown,all out refill,72.0,Expense,INR
2015-08-28 09:38:54,Saving Bank account 1,Other,Unknown,audible subscription,199.0,Expense,INR
2015-08-14 09:22:01,Saving Bank account 1,Household,Kitchen,mixer Philips 7756,3499.0,Expense,INR
2015-08-13 09:41:07,Saving Bank account 1,Other,Unknown,internet renewal (3 months pack),1450.0,Expense,INR
,Saving Bank account 1,maid,Unknown,No Description,333.0,Expense,INR
,Saving Bank account 1,Rent,Unknown,No Description,2500.0,Expense,INR
2015-07-31 14:38:08,Saving Bank account 1,Salary,Unknown,From workplace ,47859.0,Income,INR
2015-07-29 14:36:01,Saving Bank account 1,Other,Unknown,audible subscription,199.0,Expense,INR
2015-07-19 22:24:35,Saving Bank account 1,Other,Unknown,Mobile Service Provider recharge 365 days,2599.0,Expense,INR
,Saving Bank account 1,Other,Unknown,earphones,459.0,Expense,INR
,Saving Bank account 1,Other,Unknown,splitwise settlement,312.0,Expense,INR
,Saving Bank account 1,Rent,Unknown,No Description,2833.0,Expense,INR
2015-06-30 09:53:35,Saving Bank account 1,Salary,Unknown,From workplace ,47859.0,Income,INR
2015-06-29 09:53:35,Saving Bank account 1,Other,Unknown,Amazon prime,199.0,Expense,INR
2015-06-23 09:53:35,Saving Bank account 1,Other,Unknown,Amazon prime,999.0,Expense,INR
,Saving Bank account 1,Other,Unknown,Tambola,50.0,Expense,INR
,Saving Bank account 1,Cook,Unknown,No Description,776.0,Expense,INR
,Saving Bank account 1,Rent,Unknown,No Description,2543.0,Expense,INR
2015-05-31 21:44:54,Saving Bank account 1,Household,Appliances,electricity bill,2671.0,Expense,INR
2015-05-31 12:02:40,Saving Bank account 1,Salary,Unknown,From workplace ,47859.0,Income,INR
2015-05-31 12:02:40,Saving Bank account 1,Money transfer,Unknown,No Description,10000.0,Expense,INR
2015-05-17 17:57:12,Saving Bank account 1,Transportation,Taxi,BR to mumbai,6000.0,Expense,INR
2015-05-16 14:52:42,Saving Bank account 1,Other,Unknown,splitwise settlement,607.0,Expense,INR
2015-05-16 11:24:35,Cash,Food,fruits,bananas 1 kg,20.0,Expense,INR
2015-05-16 11:24:15,Saving Bank account 1,Food,Milk,milk half shakti,26.0,Expense,INR
2015-05-15 07:33:09,Saving Bank account 1,Food,Milk,milk half shakti,26.0,Expense,INR
2015-05-14 10:38:24,Saving Bank account 1,Other,Unknown,internet renewal (3 months pack),1450.0,Expense,INR
2015-05-13 08:32:03,Cash,Health,Health,N95 mask,250.0,Expense,INR
2015-05-13 08:31:49,Saving Bank account 1,Food,Milk,milk half shakti,26.0,Expense,INR
,Cash,Food,Milk,milk half shakti,26.0,Expense,INR
,Cash,Food,Grocery,onions,20.0,Expense,INR
,Cash,Household,Toiletries,sensodyne rapid fire,160.0,Expense,INR
,Cash,Health,Health,hand sanitizer + surgical gloves,290.0,Expense,INR
,Cash,Food,Milk,milk half shakti,52.0,Expense,INR
,Cash,Food,Grocery,gobi,20.0,Expense,INR
,Cash,Health,Medicine,Limcee+,70.0,Expense,INR
,Cash,Food,Grocery,methi + palak,100.0,Expense,INR
,Saving Bank account 1,Public Provident Fund,Unknown,April -May 10k contribution,20000.0,Expense,INR
,Saving Bank account 1,Food,Grocery,No Description,1178.0,Expense,INR
,Cash,Cook,Unknown,No Description,5000.0,Expense,INR
,Credit Card,Money transfer,Unknown,No Description,10000.0,Expense,INR
,Cash,Food,Milk,milk half shakti,28.0,Expense,INR
,Cash,Food,Grocery,dahi,20.0,Expense,INR
2015-04-28 15:44:31,Saving Bank account 1,Salary,Unknown,From workplace ,49306.0,Income,INR
2015-04-28 08:43:51,Cash,Food,Milk,milk half gold,28.0,Expense,INR
2015-04-26 10:48:25,Cash,Other,Unknown,stationary (drawing book + black sketch pen),59.0,Expense,INR
2015-04-26 10:48:00,Saving Bank account 1,Food,Grocery,eggs + bread,110.0,Expense,INR
2015-04-26 09:06:04,Saving Bank account 1,Food,Dinner,srikhand,114.0,Expense,INR
2015-04-24 09:25:33,Saving Bank account 1,Food,Grocery,snacks + veggie,420.0,Expense,INR
2015-04-23 13:00:42,Cash,Food,Milk,milk half gold,56.0,Expense,INR
2015-04-18 10:33:50,Saving Bank account 1,Other,Unknown,hair oil,180.0,Expense,INR
2015-04-18 10:33:25,Saving Bank account 1,Food,Grocery,snacks,324.0,Expense,INR
2015-04-14 12:24:47,Saving Bank account 1,Other,Unknown,covid19 donation to PM fund,500.0,Expense,INR
2015-04-13 12:24:47,Saving Bank account 1,Investment,Mutual fund, mutual fund,1000.0,Expense,INR
2015-04-13 12:24:47,Saving Bank account 1,Recurring Deposit,Unknown,No Description,1000.0,Expense,INR
,Cash,Food,Grocery,No Description,699.0,Expense,INR
,Cash,Food,Grocery,No Description,156.0,Expense,INR
,Cash,Food,Grocery,No Description,287.0,Expense,INR
,Credit Card,Food,Grocery,No Description,889.0,Expense,INR
,Cash,Other,Unknown,cleaning drainage,300.0,Expense,INR
,Cash,garbage disposal,Unknown,No Description,50.0,Expense,INR
,Cash,Food,Grocery,toothbrush + biscuits,50.0,Expense,INR
2015-03-31 13:00:05,Saving Bank account 1,Salary,Unknown,From workplace ,70806.0,Income,INR
2015-03-29 20:08:01,Cash,Health,Medicine,kala hit,269.0,Expense,INR
2015-03-29 20:06:39,Cash,Food,Grocery,No Description,150.0,Expense,INR
2015-03-25 14:02:02,Cash,water (jar /tanker),Unknown,No Description,20.0,Expense,INR
2015-03-24 08:52:41,Cash,Food,Milk,No Description,26.0,Expense,INR
2015-03-23 13:19:44,Credit Card,Food,Grocery,No Description,433.8,Expense,INR
2015-03-23 13:17:56,Cash,water (jar /tanker),Unknown,refilling,20.0,Expense,INR
2015-03-20 21:36:58,Cash,Apparel,Laundry,dry cleaning,100.0,Expense,INR
2015-03-20 19:08:18,Credit Card,Health,Hospital,dentist check-up,3700.0,Expense,INR
2015-03-19 16:08:23,Cash,Household,Kitchen,cooker ring,50.0,Expense,INR
2015-03-18 18:27:14,Cash,Food,snacks,samosa+tea+veg cheese grill sandwich,53.0,Expense,INR
2015-03-18 13:22:02,Cash,Food,Lunch,dal fry and chapati,25.0,Expense,INR
2015-03-18 10:56:33,Cash,Food,breakfast,aloo paratha,20.0,Expense,INR
2015-03-18 09:25:24,Cash,Food,Milk,No Description,26.0,Expense,INR
2015-03-17 16:21:18,Cash,Other,Unknown,laptop repair,450.0,Expense,INR
2015-03-16 21:30:08,Cash,Health,Hospital,dentist check-up,1000.0,Expense,INR
2015-03-16 16:38:08,Cash,Food,Tea,No Description,20.0,Expense,INR
2015-03-15 18:39:12,Cash,Apparel,Clothing,altering,30.0,Expense,INR
2015-03-15 18:38:29,Cash,Food,Milk,shakti + bread,36.0,Expense,INR
2015-03-15 18:38:44,Cash,Other,Unknown,cycle air pumping,5.0,Expense,INR
2015-03-14 19:21:18,Cash,Apparel,Laundry,ironing,40.0,Expense,INR
2015-03-14 09:11:06,Cash,Food,Milk,No Description,26.0,Expense,INR
2015-03-13 15:01:05,Cash,Transportation,auto,to office,10.0,Expense,INR
,Credit Card,Health,Hospital,root canal due,1900.0,Expense,INR
,Cash,Food,Tea,No Description,30.0,Expense,INR
,Cash,Food,Tea,No Description,8.0,Expense,INR
,Saving Bank account 1,Transportation,train,train - ddr to brc cancellation charges,11.8,Expense,INR
,Saving Bank account 1,Transportation,train,train - brc to ddr cancellation charges,11.8,Expense,INR
,Cash,Transportation,Train,Place 0 to Bandra,20.0,Expense,INR
,Cash,Transportation,auto,Current Residence to Place 0,10.0,Expense,INR
,Cash,Transportation,auto,Bandra to Bandra terminus,20.0,Expense,INR
,Saving Bank account 1,Other,Unknown,Amazon prime,129.0,Expense,INR
,Cash,Other,Unknown,print out,6.0,Expense,INR
,Cash,Transportation,auto,B45 to brc,10.0,Expense,INR
,Cash,Food,beverage,orange juice,25.0,Expense,INR
,Cash,Transportation,auto,to office,10.0,Expense,INR
,Cash,Beauty,grooming,No Description,40.0,Expense,INR
,Cash,Food,beverage,mosambi juice,25.0,Expense,INR
,Cash,water (jar /tanker),Unknown,water jar,108.0,Expense,INR
,Cash,garbage disposal,Unknown,No Description,17.0,Expense,INR
,Cash,maid,Unknown,No Description,333.0,Expense,INR
,Cash,Cook,Unknown,No Description,1667.0,Expense,INR
,Cash,Health,Medicine,painkillers,82.0,Expense,INR
,Cash,Health,Hospital,root canal advance,3000.0,Expense,INR
,Cash,Health,Medicine,painkillers,226.0,Expense,INR
,Cash,Health,Hospital,dentist check-up,300.0,Expense,INR
,Cash,Food,Lunch,canteen lunch,25.0,Expense,INR
,Cash,Food,breakfast,2 uttapam,40.0,Expense,INR
,Cash,Food,fruits,bananas,20.0,Expense,INR
,Cash,Food,Dinner,At restaurant,80.0,Expense,INR
,Saving Bank account 1,Food,Lunch,chicken manchow soup,88.0,Expense,INR
,Cash,Food,Tea,No Description,6.0,Expense,INR
2015-02-28 17:30:58,Saving Bank account 1,Salary,Unknown,From workplace ,49806.0,Income,INR
2015-02-28 11:33:42,Cash,Food,Milk,No Description,26.0,Expense,INR
2015-02-28 17:48:39,Cash,Food,Lunch,chicken thali,55.0,Expense,INR
2015-02-28 17:48:39,Cash,Food,Tea,No Description,20.0,Expense,INR
2015-02-26 20:06:17,Cash,Food,Tea,No Description,6.0,Expense,INR
2015-02-26 20:06:17,Cash,Transportation,auto,office to vasna road,60.0,Expense,INR
2015-02-26 20:05:39,Cash,Food,Grocery,eggs,30.0,Expense,INR
2015-02-26 20:05:31,Cash,Food,Milk,No Description,26.0,Expense,INR
2015-02-24 22:10:01,Cash,Food,Grocery,vegetable,160.0,Expense,INR
2015-02-24 05:47:03,Cash,Transportation,auto,ola auto - BRC to b45,66.0,Expense,INR
2015-02-24 05:46:53,Cash,Food,Tea,No Description,10.0,Expense,INR
2015-02-23 21:15:40,Cash,Transportation,auto,Bandra to Bandra terminus,20.0,Expense,INR
2015-02-23 19:37:47,Cash,Transportation,Train,Place 0 to Bandra,20.0,Expense,INR
2015-02-23 18:39:59,Cash,Apparel,Footwear,shoe polish,20.0,Expense,INR
2015-02-23 15:43:13,Credit Card,Transportation,train,to and fro Mum to BRC,526.0,Expense,INR
2015-02-23 09:19:54,Saving Bank account 1,Other,Unknown,splitwise settlement,4118.0,Expense,INR
2015-02-19 20:52:01,Cash,Health,Health,face mask,45.0,Expense,INR
2015-02-19 20:51:37,Cash,Health,Medicine,koflet,34.0,Expense,INR
2015-02-19 11:38:58,Cash,Food,Unknown,milk 1lit ,60.0,Expense,INR
2015-02-17 08:20:06,Cash,Food,Unknown,dinner,227.0,Expense,INR
2015-02-16 11:38:58,Saving Bank account 1,Food,Unknown,kaju katli 250gm,249.0,Expense,INR
2015-02-16 10:18:40,Cash,Transportation,Unknown,local - Place 0 to Place 5 return,30.0,Expense,INR
2015-02-15 21:37:45,Cash,Household,Unknown,mixer repair,250.0,Expense,INR
2015-02-15 19:57:00,Cash,Other,Unknown,Internet renewal,500.0,Expense,INR
2015-02-15 19:55:31,Cash,Food,Unknown,pani puri,20.0,Expense,INR
2015-02-15 19:54:41,Cash,Transportation,Unknown,local - vadala road to Place 0,15.0,Expense,INR
2015-02-15 19:54:13,Cash,Transportation,Unknown,taxi - dadar to vadala road,34.0,Expense,INR
2015-02-15 08:40:26,Cash,Food,Unknown,tea,20.0,Expense,INR
2015-02-15 08:40:08,Cash,Food,Unknown,bread,15.0,Expense,INR
2015-02-13 09:08:59,Saving Bank account 1,Food,Unknown,chana chat + tea,21.0,Expense,INR
2015-02-13 09:08:59,Cash,Food,Unknown,milk half shakti,27.0,Expense,INR
,Cash,Food,Unknown,Kurkure,10.0,Expense,INR
,Cash,Food,Unknown,tea,12.0,Expense,INR
,Cash,Food,Unknown,tea,10.0,Expense,INR
,Cash,Food,Unknown,paneer 150 gm,54.0,Expense,INR
,Saving Bank account 1,Food,Unknown,bread pakoda + tea,26.0,Expense,INR
,Cash,Food,Unknown,grocery,60.0,Expense,INR
,Saving Bank account 1,Food,Unknown,tea + kachuri,18.0,Expense,INR
,Cash,Food,Unknown,tea,6.0,Expense,INR
,Cash,Food,Unknown,paneer,35.0,Expense,INR
,Cash,Food,Unknown,farsan + khari sing,150.0,Expense,INR
,Saving Bank account 1,Transportation,Unknown,train - brc to mmct,176.0,Expense,INR
,Saving Bank account 1,Food,Unknown,egg fried rice,86.0,Expense,INR
,Saving Bank account 1,Other,Unknown,deo and amul milk,371.0,Expense,INR
,Saving Bank account 1,Other,Unknown,Internet renewal,3400.0,Expense,INR
,Cash,Food,Unknown,tea + biscuits,30.0,Expense,INR
,Cash,Food,Unknown,water jar,375.0,Expense,INR
,Cash,Food,Unknown,bhel,40.0,Expense,INR
,Cash,Food,Unknown,snacks,21.0,Expense,INR
,Credit Card,Food,Unknown,grocery,1178.0,Expense,INR
,Cash,Food,Unknown,tea,30.0,Expense,INR
,Cash,Food,Unknown,milk half shakti,26.0,Expense,INR
,Cash,Food,Unknown,12 eggs,70.0,Expense,INR
,Cash,Food,Unknown,grocery,107.0,Expense,INR
,Cash,Other,Unknown,shoe repair,100.0,Expense,INR
,Cash,Food,Unknown,chana chat + kachori,27.0,Expense,INR
,Cash,Other,Unknown,garbage collector,50.0,Expense,INR
,Saving Bank account 1,Other,Unknown,Permanent Residence money transfer,10000.0,Expense,INR
,Cash,Food,Unknown,5 eggs,30.0,Expense,INR
,Cash,Household,Unknown,electricity bill,784.0,Expense,INR
,Cash,Apparel,Unknown,undergarments,248.0,Expense,INR
2015-01-31 16:14:27,Cash,Food,Unknown,bananas,20.0,Expense,INR
2015-01-31 16:14:27,Cash,Food,Unknown,bhindi,40.0,Expense,INR
2015-01-30 23:10:04,Cash,Transportation,Unknown,auto - Genda circle to b45,100.0,Expense,INR
2015-01-30 23:10:04,Cash,Food,Unknown,dinner treat,1004.0,Expense,INR
2015-01-29 07:30:48,Cash,Food,Unknown,milk half shakti,26.0,Expense,INR
2015-01-29 07:30:48,Cash,Food,Unknown,good day biscuits,38.0,Expense,INR
2015-01-29 07:30:48,Cash,Food,Unknown,samosa,15.0,Expense,INR
2015-01-27 18:34:20,Cash,Food,Unknown,chana chat,15.0,Expense,INR
2015-01-27 18:34:10,Cash,Food,Unknown,tea,30.0,Expense,INR
2015-01-26 19:39:39,Cash,Food,Unknown,milk half shakti,26.0,Expense,INR
2015-01-26 07:42:43,Cash,Food,Unknown,paav,30.0,Expense,INR
2015-01-26 07:40:05,Credit Card,Food,Unknown,grocery,311.0,Expense,INR
2015-01-25 18:45:56,Cash,Beauty,Unknown,hair cut,60.0,Expense,INR
2015-01-24 16:17:57,Cash,Food,Unknown,tea,30.0,Expense,INR
2015-01-22 16:44:45,Cash,Food,Unknown,tea,20.0,Expense,INR
2015-01-22 16:44:45,Cash,Food,Unknown,snacks,33.0,Expense,INR
2015-01-21 18:17:03,Cash,Food,Unknown,grocery,120.0,Expense,INR
2015-01-21 18:17:03,Cash,Household,Unknown,broom,60.0,Expense,INR
2015-01-21 18:17:03,Cash,Food,Unknown,samosa + 2 tea,27.0,Expense,INR
2015-01-21 13:12:12,Cash,Transportation,Unknown,train - bdts to brc,264.0,Expense,INR
2015-01-21 13:11:41,Credit Card,Transportation,Unknown,train - brc to mmct,138.0,Expense,INR
2015-01-21 09:32:34,Cash,Food,Unknown,milk half gold,28.0,Expense,INR
2015-01-21 09:05:41,Cash,Food,Unknown,shev,50.0,Expense,INR
2015-01-20 09:32:18,Cash,Food,Unknown,srikhand,65.0,Expense,INR
2015-01-19 07:34:00,Cash,Food,Unknown,milk half gold,29.0,Expense,INR
2015-01-18 07:33:20,Cash,Food,Unknown,vegetable,60.0,Expense,INR
2015-01-18 07:31:42,Cash,Food,Unknown,tea,8.0,Expense,INR
2015-01-18 07:31:42,Cash,Food,Unknown,milk half gold,29.0,Expense,INR
2015-01-16 16:33:49,Cash,Transportation,Unknown,auto - GTR to hospital,30.0,Expense,INR
2015-01-16 16:32:42,Cash,Transportation,Unknown,auto - Alk to GTR,50.0,Expense,INR
2015-01-16 16:30:51,Cash,Transportation,Unknown,auto -  to race course,10.0,Expense,INR
2015-01-15 22:22:20,Cash,Food,Unknown,Ratri Bazar,155.0,Expense,INR
2015-01-15 18:23:11,Cash,Transportation,Unknown,auto - Amit nagar to b45,100.0,Expense,INR
2015-01-15 18:23:03,Cash,Food,Unknown,tea,10.0,Expense,INR
2015-01-14 23:38:24,Cash,Food,Unknown,3 bananas,13.0,Expense,INR
2015-01-14 15:35:57,Cash,Food,Unknown,Lunch - chicken fried rice + chicken soup,120.0,Expense,INR
2015-01-14 12:42:56,Saving Bank account 1,Transportation,Unknown,travels - Mumbai to brc,760.0,Expense,INR
2015-01-13 18:52:47,Cash,Other,Unknown,Internet renewal,500.0,Expense,INR
2015-01-13 18:52:47,Cash,Food,Unknown,tea,10.0,Expense,INR
,Cash,Transportation,Unknown,bus - Chinchwad to kala,175.0,Expense,INR
,Cash,Transportation,Unknown,ola auto - to Chinchwad transport bus stop,61.0,Expense,INR
,Cash,Beauty,Unknown,shaving,50.0,Expense,INR
,Cash,Transportation,Unknown,ola auto - wakad to GG skies,170.0,Expense,INR
,Cash,Transportation,Unknown,auto -hospital to bridge,50.0,Expense,INR
,Saving Bank account 1,Transportation,Unknown,travels - brc to pune,650.0,Expense,INR
,Cash,Food,Unknown,tea,20.0,Expense,INR
,Cash,Food,Unknown,sprout chat,20.0,Expense,INR
,Cash,Other,Unknown,participation fee - corporate cricket league,650.0,Expense,INR
,Cash,Food,Unknown,tea+ bourbon,20.0,Expense,INR
,Cash,Food,Unknown,sprout chat+tea+guava drink,31.0,Expense,INR
,Cash,Food,Unknown,sprout chat,15.0,Expense,INR
,Cash,Food,Unknown,tea,15.0,Expense,INR
,Cash,Other,Unknown,rent,2833.0,Expense,INR
,Cash,Other,Unknown,maid,333.0,Expense,INR
,Saving Bank account 1,Food,Unknown,dinner,135.0,Expense,INR
,Cash,Other,Unknown,cook,2250.0,Expense,INR
,Cash,Food,Unknown,shev,35.0,Expense,INR
,Cash,Food,Unknown,rice,175.0,Expense,INR
,Saving Bank account 1,Other,Unknown,Public Provident Fund,10000.0,Expense,INR
,Saving Bank account 1,Other,Unknown,cricket expenses,223.0,Expense,INR
,Cash,Food,Unknown,water jar,350.0,Expense,INR
,Cash,Food,Unknown,milk half gold + 2 packs bourbon biscuits,49.0,Expense,INR
,Cash,Food,Unknown,grocery,66.0,Expense,INR
,Cash,Food,Unknown,4 eggs,28.0,Expense,INR
,Credit Card,Food,Unknown,bendys chicken biryani,400.0,Expense,INR
,Cash,Transportation,Unknown,share jeep - Place T top to base,20.0,Expense,INR
,Cash,Transportation,Unknown,share jeep - Place T to brc,60.0,Expense,INR
,Cash,Culture,Unknown, monument,40.0,Expense,INR
,Cash,Food,Unknown,Temple Prasad,200.0,Expense,INR
,Cash,Transportation,Unknown,ropeway Place T to and fro,142.0,Expense,INR
,Cash,Transportation,Unknown,share jeep - Place T base to top,20.0,Expense,INR
,Cash,Transportation,Unknown,share auto - Place H to Place T base,20.0,Expense,INR
,Cash,Transportation,Unknown,bus - brc to Place H,30.0,Expense,INR
,Cash,Transportation,Unknown,share auto - hospital to brc station,10.0,Expense,INR
